"sec_asset_id"|"sec_asset_short_name"|"intl_asset_short_name"|"asset_full_name_en"|"asset_full_name_th"|"token_type_code"|"asset_isin"|"last_upd_date"
"UFDA0000000341"|"SKL"|"SKL"|"SKALE"|"-"|||"2024-03-13 16:03:15"
"3351"|"ZB"|"ZB"|"ZB Token"|"-"|||"2020-07-24 09:17:43"
"UFDA0000000108"|"PYR"||"PYR"|"-"|||"2022-03-02 11:57:07"
"3704"|"VSYS"|"VSYS"|"v.systems"|"-"|||"2020-07-24 09:17:43"
"2758"|"UBT"|"UBT"|"Unibright"|"-"|||"2020-07-24 09:17:43"
"UFDA0000000317"|"HFT"||"HFT"|"-"|||"2023-07-18 11:55:45"
"213"|"MONA"|"MONA"|"MonaCoin"|"-"|||"2020-07-24 09:17:43"
"UFDA0000000386"|"OMNI"|"OMNI"|"OMNI-Omni Network "|"-"|||"2024-05-09 11:40:57"
"UFDA0000000055"|"PSG"|"PSG"|"Paris Saint-Germain Fan Token"|"-"|||"2021-08-18 15:28:51"
"UFDA0000000053"|"KAIA"|"KAIA"|"Kaia"|"-"|||"2024-10-31 15:43:16"
"TJS"|"TJS"|"TJS"|"SOMONI"|"โซโมนิ"|||"2020-05-12 09:02:04"
"UFDA0000000419"|"G"|"G"|"Gravity"|"-"|||"2024-07-16 11:53:05"
"3635"|"CRO"|"CRO"|"Crypto.com Coin"|"-"|||"2020-07-24 09:17:43"
"1955"|"NEBL"|"NEBL"|"Neblio"|"-"|||"2020-07-24 09:17:43"
"2777"|"IOTX"|"IOTX"|"IoTeX"|"-"|||"2020-07-24 09:17:43"
"ANG"|"ANG"|"ANG"|"NETHERLANDS ANTILLIAN GUILDER"|"กิลเดอร์ เนเธอร์แลนด์แอนทิลลิส"|||"2020-05-12 09:02:04"
"UFDA0000000032"|"GLM"|"GLM"|"Golem"|"จีแอลเอ็ม"|||"2021-08-20 16:12:56"
"4003"|"ZNN"|"ZNN"|"Zenon"|"-"|||"2020-07-24 09:17:43"
"UFDA0000000397"|"ORDI"|"ORDI"|"Ordi"|"-"|||"2024-06-06 10:45:18"
"UFDA0000000072"|"MASK"||"Mask Network"|"-"|||"2021-10-31 13:16:32"
"2776"|"AVA"|"AVA"|"Travala.com"|"-"|||"2020-07-24 09:17:43"
"UFDA0000000498"|"UXLINK"|"UXLINK"|"Uxlink"|"-"|||"2024-11-01 08:50:17"
"UFDA0000000037"|"UMA"|"UMA"|"UMA"|"ยูเอ็มเอ"|||"2021-08-18 15:44:31"
"3873"|"BOTX"|"BOTX"|"botXcoin"|"-"|||"2020-07-24 09:17:43"
"XOF"|"XOF"|"XOF"|"CFA FRANC BCEAO"|"ฟรังก์ ซีเอฟเอ บีซีอีเอโอ"|||"2020-05-12 09:02:04"
"1637"|"RLC"|"RLC"|"iExec RLC"|"-"|||"2020-07-24 09:17:43"
"3734"|"ELAMA"|"ELAMA"|"Elamachain"|"-"|||"2020-07-24 09:17:43"
"UFDA0000000069"|"GALA"|"GALAv1"|"GALA"|"-"|||"2023-05-11 08:56:11"
"DJF"|"DJF"|"DJF"|"DJIBOUTI FRANC"|"ฟรังก์ จิบูตี"|||"2020-05-12 09:02:04"
"BSD"|"BSD"|"BSD"|"BAHAMIAN DOLLAR"|"ดอลลาร์ บาฮามาส"|||"2020-05-12 09:02:04"
"99"|"VTC"|"VTC"|"Vertcoin"|"-"|||"2020-07-24 09:17:43"
"UFDA0000000441"|"PUFF"|"PUFF"|"Puffer Finance"|"-"|||"2024-08-06 16:16:10"
"UFDA0000000056"|"JUV"|"JUV"|"Juventus Fan Token"|"-"|||"2021-08-18 15:07:29"
"XSU"|"XSU"|"XSU"|"SECRE (UNIT OF ACCOUNT)"|"ซูเคร"|||"2020-05-12 09:02:04"
"UFDA0000000452"|"DOGS"|"DOGS"|"DOGS"|"-"|||"2024-08-22 16:34:55"
"USD"|"USD"|"USD"|"US DOLLAR"|"ดอลลาร์ สหรัฐอเมริกา"|||"2022-06-27 16:09:20"
"THDA0000000003"|"SiriHubB"|"SiriHubB"|"SiriHub Investment Token B"|"โทเคนดิจิทัลเพื่อการลงทุนสิริฮับ B"|||"2021-08-13 18:19:08"
"THDA0000000002"|"SiriHubA"|"SiriHubA"|"SiriHub Investment Token A"|"โทเคนดิจิทัลเพื่อการลงทุนสิริฮับ A"|||"2021-08-13 18:19:08"
"THDA0000000001"|"SECCOIN"|"SECCOIN"|"SEC COIN"|"เหรียญ ก.ล.ต."|||"2022-04-22 23:00:38"
"THDA0000000004"|"GLAD"|"GLAD"|"I am GLAD token"|"โทเคน ไอแอมแกล็ด"|||"2022-04-22 23:00:39"
"THDA0000000005"|"DELIGHTED"|"DELIGHTED"|"I am DELIGHTED token"|"โทเคน ไอแอมดีไลเท็ด"|||"2022-04-22 23:00:39"
"THDA0000000006"|"HAPPY"|"HAPPY"|"I am HAPPY token"|"โทเคน ไอแอมแฮปปี้"|||"2022-04-22 23:00:40"
"THDA0000000007"|"RealX"|"RealX "|"RealX Investment Token"|"โทเคนดิจิทัลเพื่อการลงทุนเรียลเอ็กซ์"|||"2023-04-04 23:00:25"
"THDA0000000008"|"NORN-N001"|"NORN-N001"|"NORN-N001 Investment Token"|"โทเคนดิจิทัลเพื่อการลงทุน NORN-N001"|||"2024-03-06 23:00:25"
"THDA0000000009"|"UDON-0001"|"UDON-0001 Investment Token"|"UDON-0001 Investment Token"|"โทเคนดิจิทัลเพื่อการลงทุน UDON-0001"|||"2024-03-12 23:00:11"
"THDA0000000010"|"KAVT-D212"|"KAVT-D212"|"KAVT-D212 Investment Token"|"โทเคนดิจิทัลเพื่อการลงทุน KAVT-D212"|||"2024-03-12 23:00:12"
"THDA0000000011"|"BABA-18HH"|"BABA-18HH"|"BABA-18HH Investment Token"|"โทเคนดิจิทัลเพื่อการลงทุน BABA-18HH"|||"2024-03-12 23:00:13"
"THDA0000000012"|"KAVT-C810"|"KAVT-C810"|"KAVT-C810 Investment Token"|"โทเคนดิจิทัลเพื่อการลงทุน KAVT-C810"|||"2024-03-12 23:00:09"
"THDA0000000013"|"UTHQ-0012"|"UTHQ-0012"|"UTHQ-0012 Investment Token"|"โทเคนดิจิทัลเพื่อการลงทุน UTHQ-0012"|||"2024-03-12 23:00:10"
"THDA0000000014"|"PROM-RAM1"|"PROM-RAM1"|"PROM-RAM1 Investment Token"|"โทเคนดิจิทัลเพื่อการลงทุน PROM-RAM1"|||"2024-03-12 23:00:10"
"THDA0000000015"|"DLAN-SR01"|"DLAN-SR01"|"DLAN-SR01 Investment Token"|"โทเคนดิจิทัลเพื่อการลงทุน DLAN-SR01"|||"2024-03-12 23:00:11"
"THDA0000000016"|"RENOS-H02"|"RENOS-H02"|"RENOS-H02 Investment Token"|"โทเคนดิจิทัลเพื่อการลงทุน RENOS-H02"|||"2024-03-12 23:00:11"
"THDA0000000017"|"TRPE-1205"|"TRPE-1205"|"TRPE-1205 Investment Token"|"โทเคนดิจิทัลเพื่อการลงทุน TRPE-1205"|||"2024-03-12 23:00:11"
"THDA0000000018"|"NORN-N002"|"NORN-N002"|"NORN-N002 Investment Token"|"โทเคนดิจิทัลเพื่อการลงทุน NORN-N002"|||"2024-04-03 23:01:14"
"THDA0000000019"|"NORN-N003"|"NORN-N003"|"NORN-N003 Investment Token"|"โทเคนดิจิทัลเพื่อการลงทุน NORN-N003"|||"2024-06-05 23:01:06"
"THDA0000000020"|"SUMX"|"SUMX"|"Summer Point Token"|"โทเคนดิจิทัลเพื่อการลงทุนซัมเมอร์พ้อยท์"|||"2024-12-25 23:00:14"
"1298"|"LBC"|"LBC"|"LBRY Credits"|"-"|||"2020-07-24 09:17:43"
"5794"|"PNT"|"PNT"|"pNetwork"|"-"|||"2020-07-24 09:17:43"
"UFDA0000000474"|"BSW"|"BSW"|"Biswap"|"-"|||"2024-08-30 14:08:06"
"4020"|"USDQ"|"USDQ"|"USDQ"||||"2020-05-12 09:02:04"
"2467"|"TRAC"|"TRAC"|"OriginTrail"|"-"|||"2020-07-24 09:17:43"
"2631"|"ODE"|"ODE"|"ODEM"||||"2020-05-12 09:02:04"
"UFDA0000000385"|"STRK"|"STRK"|"Starknet"|"-"|||"2024-05-02 17:17:03"
"4943"|"DAI"|"DAI"|"Multi-collateral DAI"|"Multi-collateral DAI"|||"2021-08-18 09:51:43"
"2586"|"SNX"|"SNX"|"Synthetix(SNX)"|"-"|||"2021-05-07 18:23:05"
"UFDA0000000523"|"CGPT"|"CGPT"|"ChainGPT"|"-"|||"2025-01-14 10:06:09"
"TND"|"TND"|"TND"|"TUNISIAN DINAR"|"ดีนาร์ ตูนิเซีย"|||"2020-05-12 09:02:04"
"4006"|"STPT"|"STPT"|"STPT"|"STPT"|||"2021-08-18 09:58:05"
"2297"|"STMX"|"STMX"|"StormX"|"-"|||"2020-07-24 09:17:43"
"4134"|"AKRO"|"AKRO"|"Akropolis "|"-"|||"2020-07-24 09:17:43"
"UFDA0000000125"|"OP"||"Optimism OP"|"-"|||"2022-06-01 19:25:01"
"NPR"|"NPR"|"NPR"|"NEPALESE RUPEE"|"รูปี เนปาล"|||"2020-05-12 09:02:04"
"2544"|"NCASH"|"NCASH"|"Nucleus Vision"||||"2020-05-12 09:02:04"
"2992"|"APL"|"APL"|"Apollo Currency"|"-"|||"2020-07-24 09:17:43"
"2453"|"EKT"|"EKT"|"EDUCare"||||"2020-05-12 09:02:04"
"UFDA0000000501"|"HNT"|"HNT"|"Helium"|"-"|||"2024-11-08 10:19:31"
"THB"|"THB"|"THB"|"BAHT"|"บาท"|||"2022-06-27 16:09:20"
"UFDA0000000362"|"MBX"|"MBX"|"MBX"|"-"|||"2024-04-02 16:35:49"
"3631"|"FOAM"|"FOAM"|"FOAM"||||"2020-05-12 09:02:04"
"3686"|"CVNT"|"CVNT"|"Content Value Network"|"-"|||"2020-07-24 09:17:43"
"ILS"|"ILS"|"ILS"|"NEW ISRAELI SHEKEL"|"เชคเกิล อิสราเอล"|||"2020-05-12 09:02:04"
"UFDA0000000062"|"SUN"||"SUN (NEW)"|"-"|||"2021-09-16 13:31:54"
"1899"|"YOYOW"|"YOYOW"|"YOYOW"||||"2020-05-12 09:02:04"
"GBP"|"GBP"|"GBP"|"POUND STERLING"|"ปอนด์สเตอลิง"|||"2020-05-12 09:02:04"
"3175"|"TTC"|"TTC"|"TTC"|"-"|||"2020-07-24 09:17:43"
"UFDA0000000068"|"BETA"|"BETA"|"Beta Finance"|"-"|||"2021-10-18 10:15:05"
"XDR"|"XDR"|"XDR"|"SDR INT'L MONETARY FUND (I.M.F)"|"สิทธิพิเศษถอนเงิน (กองทุนการเงินระหว่างประเทศ)"|||"2020-05-12 09:02:04"
"1214"|"LSK"|"LSK"|"Lisk"|"-"|||"2020-07-24 09:17:43"
"BAM"|"BAM"|"BAM"|"CONVERTIBLE MARKS"|"มาร์ค บอสเนียและเฮอร์เซโกวีนา"|||"2020-05-12 09:02:04"
"2381"|"SXDT"|"SXDT"|"Spectre.ai Dividend Token"|"-"|||"2020-07-24 09:17:43"
"UFDA0000000398"|"SATS"|"SATS"|"1000SATS"|"-"|||"2024-06-14 10:00:09"
"UFDA0000000508"|"ACT2"|"ACT"|"Act I : The AI Prophecy"|"-"|||"2024-11-19 17:53:06"
"3890"|"POL"|"POL"|"POL (ex-MATIC)"|"-"|||"2024-09-05 09:28:16"
"MVR"|"MVR"|"MVR"|"RUFIYAA"|"รูฟียา"|||"2020-05-12 09:02:04"
"2603"|"NPXS"|"NPXS"|"Pundi X"|"-"|||"2020-07-24 09:17:43"
"MNT"|"MNT"|"MNT"|"TUGRIK"|"ทูกริค"|||"2020-05-12 09:02:04"
"1831"|"BCH"|"BCH"|"Bitcoin Cash"|"-"|||"2020-07-24 09:17:43"
"UFDA0000000363"|"MAVIA"|"MAVIA"|"MAVIA"|"-"|||"2024-04-02 16:39:53"
"5329"|"LRG"|"LRG"|"Largo Coin"|"-"|||"2020-07-24 09:17:43"
"BMD"|"BMD"|"BMD"|"BERMUDIAN DOLLAR"|"ดอลลาร์ เบอร์มิวดา"|||"2020-05-12 09:02:04"
"4173"|"LEVL"|"LEVL"|"Levolution"||||"2020-05-12 09:02:04"
"CZK"|"CZK"|"CZK"|"CZECH KORUNA"|"คราวน์ เช็ก"|||"2020-05-12 09:02:04"
"UFDA0000000396"|"TNSR"|"TNSR"|"Tensor"|"-"|||"2024-06-06 10:41:44"
"3218"|"NRG"|"NRG"|"Energi"|"-"|||"2020-07-24 09:17:43"
"UFDA0000000020"|"SUSHI"|"SUSHI"|"SushiSwap"|"-"|||"2021-08-18 15:44:08"
"1230"|"STEEM"|"STEEM"|"Steem"|"-"|||"2020-07-24 09:17:43"
"UFDA0000000516"|"MONKY"|"MONKY"|"MONKY"|"-"|||"2024-12-26 16:09:41"
"UFDA0000000077"|"PUNDIX"||"Pundi X"|"-"|||"2021-11-10 10:45:06"
"4036"|"COS"|"COS"|"Contentos"|"-"|||"2020-07-24 09:17:43"
"1274"|"WAVES"|"WAVES"|"Waves"|"-"|||"2020-07-24 09:17:43"
"1896"|"ZRX"|"ZRX"|"0x"|"-"|||"2020-07-24 09:17:43"
"5600"|"ATT"|"ATT"|"Attila"|"-"|||"2020-07-24 09:17:43"
"4752"|"CUT"|"CUT"|"CUTcoin"||||"2020-05-12 09:02:04"
"3829"|"NEX"|"NEX"|"Nash Exchange"|"-"|||"2020-07-24 09:17:43"
"UFDA0000000335"|"FLUX"||"FLUX"|"-"|||"2023-10-27 09:36:00"
"911"|"AIB"|"AIB"|"Advanced Internet Blocks"|"-"|||"2020-07-24 09:17:43"
"1711"|"ECA"|"ECA"|"Electra"|"-"|||"2020-07-24 09:17:43"
"UFDA0000000350"|"AMP"|"AMP"|"Ampera"|"-"|||"2024-02-14 16:21:08"
"5397"|"CTT"|"CTT"|"Castweet"|"-"|||"2020-07-24 09:17:43"
"45"|"CSC"|"CSC"|"CasinoCoin"|"-"|||"2020-07-24 09:17:43"
"UFDA0000000306"|"ATM"|"ATM"|"Atletico de Madrid Fan Token"|"-"|||"2023-01-12 09:47:13"
"2130"|"ENJ"|"ENJ"|"Enjin Coin"|"-"|||"2020-07-24 09:17:43"
"825"|"USDT"|"USDT"|"Tether"|"-"|||"2020-07-24 09:17:43"
"SSP"|"SSP"|"SSP"|"SOUTH SUDANESE POUND"|"ปอนด์ เซาท์ซูดาน"|||"2020-05-12 09:02:04"
"UFDA0000000519"|"S"|"S"|"SONIC"|"โซนิค"|||"2025-01-10 14:53:49"
"2874"|"AOA"|"AOA"|"Aurora"|"-"|||"2020-07-24 09:17:43"
"UFDA0000000436"|"POLYX"|"POLYX"|"Polymesh"|"-"|||"2024-08-06 15:35:36"
"3666"|"ULT"|"ULT"|"Ultiledger"|"-"|||"2020-07-24 09:17:43"
"UFDA0000000488"|"PEPPER"||"PEPPER"|"-"|||"2024-09-27 17:06:31"
"2474"|"MAN"|"MAN"|"Matrix AI Network"||||"2020-05-12 09:02:04"
"3978"|"CHR"|"CHR"|"Chromia"|"-"|||"2020-07-24 09:17:43"
"1358"|"EDC"|"EDC"|"EDC Blockchain"||||"2020-05-12 09:02:04"
"3733"|"S4F"|"S4F"|"S4FE"||||"2020-05-12 09:02:04"
"2469"|"ZIL"|"ZIL"|"Zilliqa"|"-"|||"2020-07-24 09:17:43"
"1866"|"BTM"|"BTM"|"Bytom"|"-"|||"2020-07-24 09:17:43"
"4644"|"QQQ"|"QQQ"|"Poseidon Network"|"-"|||"2020-07-24 09:17:43"
"1732"|"NMR"|"NMR"|"Numeraire"|"-"|||"2020-07-24 09:17:43"
"3977"|"SNL"|"SNL"|"Sport and Leisure"|"-"|||"2020-07-24 09:17:43"
"2601"|"1WO"|"1WO"|"1World"||||"2020-05-12 09:02:04"
"CHF"|"CHF"|"CHF"|"SWISS FRANC"|"ฟรังก์ สวิส"|||"2020-05-12 09:02:04"
"UFDA0000000480"|"NTRN"|"NTRN"|"Neutron"|"-"|||"2024-08-30 14:26:36"
"UFDA0000000064"|"PlayDapp"|"PLA"|"PlayDapp"|"-"|||"2021-09-18 22:01:04"
"3657"|"LAMB"|"LAMB"|"Lambda"|"-"|||"2020-07-24 09:17:43"
"2588"|"LOOM"|"LOOM"|"Loom Network"|"-"|||"2020-07-24 09:17:43"
"RON"|"RON"|"RON"|"NEW ROMANIAN LEU"|"ลิว โรมาเนีย"|||"2020-05-12 09:02:04"
"AMD"|"AMD"|"AMD"|"ARMENIAN DRAM"|"ดีแรห์ม อาร์เมเนีย"|||"2020-05-12 09:02:04"
"1785"|"GAS"|"GAS"|"Gas"|"-"|||"2020-07-24 09:17:43"
"4200"|"PCX"|"PCX"|"ChainX"|"-"|||"2020-07-24 09:17:43"
"5841"|"NEST"|"NEST"|"NEST Protocol"|"-"|||"2020-07-24 09:17:43"
"UFDA0000000442"|"KDA"|"KDA"|"Kadena"|"-"|||"2024-08-06 16:16:17"
"2577"|"RVN"|"RVN"|"Ravencoin"|"-"|||"2020-07-24 09:17:43"
"2540"|"LCC"|"LCC"|"Litecoin Cash"||||"2020-05-12 09:02:04"
"UFDA0000000450"|"EDU"|"EDU"|"Open Campus"|"-"|||"2024-08-07 10:37:22"
"UFDA0000000054"|"SLP"|"SLP"|"Smooth Love Potion "|"-"|||"2021-08-18 15:43:27"
"2222"|"BCD"|"BCD"|"Bitcoin Diamond"|"-"|||"2020-07-24 09:17:43"
"NOK"|"NOK"|"NOK"|"NORWEGIAN KRONE"|"โครน นอร์เวย์"|||"2020-05-12 09:02:04"
"ARS "|"ARS "|"ARS "|"ARGENTINE PESO"|"เปโซ อาร์เจนตินา"|||"2020-05-12 09:02:04"
"3809"|"DOS"|"DOS"|"DOS Network"|"-"|||"2020-07-24 09:17:43"
"GTQ"|"GTQ"|"GTQ"|"QUETZAL"|"เก็ตซาล"|||"2020-05-12 09:02:04"
"4078"|"SERO"|"SERO"|"Super Zero Protocol"|"-"|||"2020-07-24 09:17:43"
"3874"|"IRIS"|"IRIS"|"IRISnet"|"-"|||"2020-07-24 09:17:43"
"UFDA0000000029"|"BAL"|"BAL"|"Balancer"|"บีเอแอล"|||"2021-08-18 14:42:46"
"1864"|"CDT"|"CDT"|"Blox"||||"2020-05-12 09:02:04"
"UFDA0000000045"|"ICP"|"ICP"|"Internet Computer"|"-"|||"2021-08-18 15:05:16"
"UFDA0000000460"|"ERN2"|"ERN2"|"Ethernity Chain"|"-"|||"2024-08-30 13:31:22"
"4275"|"COCOS"|"COCOS"|"Cocos-BCX"|"-"|||"2020-07-24 09:17:43"
"UFDA0000000018"|"ZMT"|"ZMT"|"Zipmex"|"แซดเอ็มที"|||"2021-08-18 15:47:26"
"UFDA0000000309"|"INTER"|"INTER"|"Inter Milan Fan Token"|"-"|||"2023-01-12 09:40:43"
"3964"|"RSR"|"RSR"|"Reserve Rights"|"-"|||"2020-07-24 09:17:43"
"3139"|"DX"|"DX"|"DxChain Token"|"-"|||"2020-07-24 09:17:43"
"UFDA0000000371"|"BIFI"|"BIFI"|"Beefy"|"-"|||"2024-04-29 10:10:07"
"2457"|"TRUE"|"TRUE"|"TrueChain"|"-"|||"2020-07-24 09:17:43"
"UFDA0000000041"|"FLR"|"FLR"|"Spark"|"เอฟแอลอาร์"|||"2021-08-18 14:52:25"
"UFDA0000000511"|"ACX"|"ACX"|"Across Protocol"|"-"|||"2024-12-13 16:54:54"
"UFDA0000000505"|"SWELL"|"SWELL"|"Swell"|"-"|||"2024-11-15 15:52:37"
"MUR"|"MUR"|"MUR"|"MAURITIUS RUPEE"|"รูปี มอริเชียส"|||"2020-05-12 09:02:04"
"2655"|"XMC"|"XMC"|"Monero Classic"||||"2020-05-12 09:02:04"
"5280"|"BZT"|"BZT"|"Bloomzed Token"|"-"|||"2020-07-24 09:17:43"
"UFDA0000000003"|"SIX"|"SIX"|"SIX"|"ซิก เน็ทเวิร์ค"|||"2021-08-18 15:43:03"
"4899"|"YAP"|"YAP"|"Yap Stone"||||"2020-05-12 09:02:04"
"1828"|"SMART"|"SMART"|"SmartCash"||||"2020-05-12 09:02:04"
"588"|"UBQ"|"UBQ"|"Ubiq"||||"2020-05-12 09:02:04"
"2083"|"BTG"|"BTG"|"Bitcoin Gold"|"-"|||"2020-07-24 09:17:43"
"UFDA0000000435"|"CTK"|"CTK"|"Shentu"|"-"|||"2024-08-06 15:31:20"
"UFDA0000000021"|"ZMN"|"ZMN"|"ZMINE"|"-"|||"2021-08-18 15:47:01"
"4660"|"TLOS"|"TLOS"|"Telos"||||"2020-05-12 09:02:04"
"UFDA0000000358"|"FLOKI"|"FLOKI"|"FLOKI"|"-"|||"2024-03-28 16:39:07"
"2239"|"LEND"|"LEND"|"Aave"|"-"|||"2020-07-24 09:17:43"
"UFDA0000000019"|"AAVE"|"AAVE"|"AAVE"|"-"|||"2021-08-18 14:40:03"
"XPF"|"XPF"|"XPF"|"CFP FRANC"|"ฟรังก์ ซีเอฟพี"|||"2020-05-12 09:02:04"
"UFDA0000000338"|"SSV"|"SSV"|"SSV"|"-"|||"2024-01-12 16:04:18"
"3924"|"DREP"|"DREP"|"DREP"|"-"|||"2020-07-24 09:17:43"
"3748"|"HXRO"|"HXRO"|"Hxro"|"-"|||"2020-07-24 09:17:43"
"372"|"BCN"|"BCN"|"Bytecoin"|"-"|||"2020-07-24 09:17:43"
"4818"|"XSR"|"XSR"|"Xensor"|"-"|||"2020-07-24 09:17:43"
"2027"|"CNX"|"CNX"|"Cryptonex"|"-"|||"2020-07-24 09:17:43"
"4058"|"FO"|"FO"|"FIBOS"|"-"|||"2020-07-24 09:17:43"
"3640"|"LPT"|"LPT"|"Livepeer"|"-"|||"2020-07-24 09:17:43"
"3296"|"MIN"|"MIN"|"MINDOL"|"-"|||"2020-07-24 09:17:43"
"UFDA0000000463"|"VIB"|"VIB"|"Viberate"|"-"|||"2024-08-30 13:42:21"
"UFDA0000000420"|"CORE"|"CORE"|"Core"|"-"|||"2024-07-18 10:11:55"
"KGS"|"KGS"|"KGS"|"SOM"|"ซอม"|||"2020-05-12 09:02:04"
"1552"|"MLN"|"MLN"|"Melon"|"-"|||"2020-07-24 09:17:43"
"2563"|"TUSD"|"TUSD"|"TrueUSD"|"-"|||"2020-07-24 09:17:43"
"2289"|"GTO"|"GTO"|"Gifto"|"-"|||"2020-07-24 09:17:43"
"UFDA0000000351"|"VELO2"|"VELO"|"VELOdrome"|"-"|||"2024-02-29 15:32:00"
"2511"|"WPR"|"WPR"|"WePower"||||"2020-05-12 09:02:04"
"2748"|"LOKI"|"LOKI"|"Loki"|"-"|||"2020-07-24 09:17:43"
"4901"|"ANCT"|"ANCT"|"Anchor"|"-"|||"2020-07-24 09:17:43"
"UFDA0000000344"|"ZETA"||"ZETA"|"-"|||"2024-01-26 17:18:55"
"4152"|"CVCC"|"CVCC"|"CryptoVerificationCoin"||||"2020-05-12 09:02:04"
"2438"|"AAC"|"AAC"|"Acute Angle Cloud"|"-"|||"2020-07-24 09:17:43"
"UFDA0000000476"|"BURGER"|"BURGER"|"BurgerCities"|"-"|||"2024-08-30 14:15:24"
"2044"|"ENG"|"ENG"|"Enigma"|"-"|||"2020-07-24 09:17:43"
"UFDA0000000531"|"ANIME"|"ANIME"|"ANIMECOIN"|"-"|||"2025-01-28 17:56:26"
"2335"|"LBTC"|"LBTC"|"Lightning Bitcoin"||||"2020-05-12 09:02:04"
"UFDA0000000360"|"AGIX"|"AGIX"|"AGIX"|"-"|||"2024-03-28 16:52:25"
"UFDA0000000404"|"ZK"|"ZK"|"zkSync ZK"|"-"|||"2024-06-20 13:18:41"
"UFDA0000000329"|"WLD"||"Worldcoin"|"-"|||"2023-07-27 17:08:49"
"2765"|"XYO"|"XYO"|"XYO"||||"2020-05-12 09:02:04"
"XUA"|"XUA"|"XUA"|"ADB UNIT OF ACCOUNT"|"เอดีบี"|||"2020-05-12 09:02:04"
"4779"|"HUSD"|"HUSD"|"HUSD"|"-"|||"2020-07-24 09:17:43"
"2021"|"REV"|"REV"|"RChain"|"-"|||"2020-07-24 09:17:43"
"CNY"|"CNY"|"CNY"|"YUAN RENMINBI"|"หยวนเหรินหมินปี้"|||"2020-05-12 09:02:04"
"UFDA0000000392"|"SAFE2"|"SAFE2"|"SAFE token"|"-"|||"2024-05-20 11:49:00"
"377"|"NAV"|"NAV"|"NavCoin"|"-"|||"2020-07-24 09:17:43"
"3673"|"BTMX"|"BTMX"|"BitMax Token"|"-"|||"2020-07-24 09:17:43"
"XBD"|"XBD"|"XBD"|"EUROPEAN UNIT OF ACCOUNT-17 (EUA-17)"|"บัญชี อียู 17"|||"2020-05-12 09:02:04"
"1759"|"SNT"|"SNT"|"Status"|"-"|||"2020-07-24 09:17:43"
"XFU"|"XFU"|"XFU"|"UIC-FRANC (SPECIAL SETTLEMENT CURRENCY)"|"ยูไอซี ฟรังก์"|||"2020-05-12 09:02:04"
"UFDA0000000336"|"TIA"|"TIA"|"Celestia TIA"|"-"|||"2023-11-10 18:42:34"
"1168"|"DCR"|"DCR"|"Decred"|"-"|||"2020-07-24 09:17:43"
"UFDA0000000462"|"DEXE"|"DEXE"|"DeXe"|"-"|||"2024-08-30 13:41:19"
"UFDA0000000383"|"WIF"|"WIF"|"Dogwifhat"|"-"|||"2024-05-02 17:04:50"
"XBA"|"XBA"|"XBA"|"EUROPEAN COMPOSITE UNIT (EURCO)"|"อียูอาร์ซีโอ"|||"2020-05-12 09:02:04"
"UFDA0000000035"|"MIR"|"MIR"|"Mirror Protocol"|"เอ็มไออาร์"|||"2021-08-18 15:25:38"
"CUC"|"CUC"|"CUC"|"PESO CONVERTIBLE "|"แปลงสภาพเปโซ"|||"2020-05-12 09:02:04"
"KZT"|"KZT"|"KZT"|"TENGE"|"เทงเก"|||"2020-05-12 09:02:04"
"5015"|"HEX"|"HEX"|"HEX"|"-"|||"2020-07-24 09:17:43"
"512"|"XLM"|"XLM"|"Stellar"|"-"|||"2020-07-24 09:17:43"
"UFDA0000000339"|"SLF"|"SLF"|"Self Chain"|"-"|||"2024-09-02 11:25:26"
"UFDA0000000051"|"KNCL"|"KNCL"|"Kyber Network Crystal Legacy"|"-"|||"2021-08-23 14:40:57"
"MDL"|"MDL"|"MDL"|"MOLDOVAN LEU"|"ลิว มอลโดวา"|||"2020-05-12 09:02:04"
"2760"|"LBA"|"LBA"|"Cred"|"-"|||"2020-07-24 09:17:43"
"5234"|"DNA"|"DNA"|"Metaverse Dualchain Network Architecture"|"-"|||"2020-07-24 09:17:43"
"5007"|"TROY"|"TROY"|"TROY"|"-"|||"2020-07-24 09:17:43"
"2308"|"SAI"|"SAI"|"Single Collateral DAI "||||"2020-05-12 09:02:04"
"1727"|"BNT"|"BNT"|"Bancor"|"-"|||"2020-07-24 09:17:43"
"2011"|"XTZ"|"XTZ"|"Tezos"|"-"|||"2020-07-24 09:17:43"
"5103"|"IPX"|"IPX"|"Tachyon Protocol"|"-"|||"2020-07-24 09:17:43"
"UFDA0000000049"|"RAY"|"RAY"|"Raydium"|"-"|||"2021-08-18 15:40:26"
"2934"|"KAN"|"KAN"|"BitKan"|"-"|||"2020-07-24 09:17:43"
"1659"|"GNO"|"GNO"|"Gnosis"|"-"|||"2020-07-24 09:17:43"
"1492"|"GBYTE"|"GBYTE"|"Obyte"|"-"|||"2020-07-24 09:17:43"
"UFDA0000000301"|"USDP"||"USDP Pax Dollar"|"-"|||"2023-05-11 09:29:11"
"UFDA0000000112"|"AURY"||"AURY"|"-"|||"2022-03-02 12:09:38"
"5258"|"APIX"|"APIX"|"APIX"|"-"|||"2020-07-24 09:17:43"
"PAB"|"PAB"|"PAB"|"BALBOA"|"บัลโบอา"|||"2020-05-12 09:02:04"
"4300"|"VID"|"VID"|"VideoCoin"|"-"|||"2020-07-24 09:17:43"
"3957"|"LEO"|"LEO"|"UNUS SED LEO"|"-"|||"2020-07-24 09:17:43"
"4257"|"BTRS"|"BTRS"|"Bitball Treasure"|"-"|||"2020-07-24 09:17:43"
"UFDA0000000121"|"WIRTUAL"||"WIRTUAL"|"-"|||"2022-03-29 09:48:42"
"2364"|"TCT"|"TCT"|"TokenClub"||||"2020-05-12 09:02:04"
"2213"|"QASH"|"QASH"|"QASH"|"-"|||"2020-07-24 09:17:43"
"3301"|"IHF"|"IHF"|"Invictus Hyperion Fund"|"-"|||"2020-07-24 09:17:43"
"UFDA0000000313"|"VAL"||"Validity VAL"|"-"|||"2023-02-22 14:55:04"
"UFDA0000000380"|"PENDLE"|"PENDLE"|"Pendle"|"-"|||"2024-05-02 16:46:06"
"2842"|"BNK"|"BNK"|"Bankera"|"-"|||"2020-07-24 09:17:43"
"UFDA0000000090"|"Gitcoin"|"GTC"|"GTC Gitcoin"|"-"|||"2021-12-28 21:57:03"
"2441"|"MOF"|"MOF"|"Molecular Future"|"-"|||"2020-07-24 09:17:43"
"UFDA0000000080"|"AUDIO"||"AUDIO"|"-"|||"2021-11-19 14:09:10"
"4566"|"XDB"|"XDB"|"DigitalBits"|"-"|||"2020-07-24 09:17:43"
"UFDA0000000304"|"ACM"|"ACM"|"AC Milan Fan Token"|"-"|||"2023-01-12 10:00:42"
"UFDA0000000406"|"IO"|"IO"|"io.net"|"-"|||"2024-11-05 16:04:10"
"KHR"|"KHR"|"KHR"|"RIEL"|"เรียล กัมพูชา"|||"2020-05-12 09:02:04"
"EGP"|"EGP"|"EGP"|"EGYPTIAN POUND"|"ปอนด์ อียิปต์"|||"2020-05-12 09:02:04"
"5031"|"MWC"|"MWC"|"MimbleWimbleCoin"|"-"|||"2020-07-24 09:17:43"
"1358"|"EDC"|"EDC"|"EDC Blockchain [old]"|"-"|||"2021-08-18 09:53:57"
"2539"|"REN"|"REN"|"Ren"|"-"|||"2020-07-24 09:17:43"
"3791"|"JWL"|"JWL"|"Jewel"|"-"|||"2020-07-24 09:17:43"
"UFDA0000000517"|"PENGU"|"PENGU"|"Pudgy Penguins"|"-"|||"2024-12-26 16:12:27"
"2579"|"SHIP"|"SHIP"|"ShipChain"|"-"|||"2020-07-24 09:17:43"
"3404"|"WIX"|"WIX"|"Wixlar"|"-"|||"2020-07-24 09:17:43"
"4981"|"TAGZ5"|"TAGZ5"|"TAGZ5"|"-"|||"2020-07-24 09:17:43"
"2943"|"RPL"|"RPL"|"Rocket Pool"|"-"|||"2020-07-24 09:17:43"
"2092"|"NULS"|"NULS"|"NULS"|"-"|||"2020-07-24 09:17:43"
"UFDA0000000031"|"WNXM"|"WNXM"|"Wrapped NXM"|"ดับบลิวเอ็นเอ็กซ์เอ็ม"|||"2021-08-18 15:46:28"
"SGD"|"SGD"|"SGD"|"SINGAPORE DOLLAR"|"ดอลลาร์ สิงคโปร์"|||"2020-05-12 09:02:04"
"3737"|"BTU"|"BTU"|"BTU Protocol"|"-"|||"2020-07-24 09:17:43"
"1993"|"KIN"|"KIN"|"Kin"|"-"|||"2020-07-24 09:17:43"
"4490"|"EMRX"|"EMRX"|"Emirex Token"|"-"|||"2020-07-24 09:17:43"
"PLN "|"PLN "|"PLN "|"ZLOTY"|"สล็อตตี"|||"2020-05-12 09:02:04"
"WST"|"WST"|"WST"|"TALA"|"ทาลา"|||"2020-05-12 09:02:04"
"UFDA0000000011"|"KLP"|"KLP"|"Kulupu"|"เคแอลพี"|||"2021-08-18 15:08:25"
"UFDA0000000087"|"GF"||"GuildFi"|"-"|||"2021-12-07 14:45:10"
"UFDA0000000307"|"BAR"|"BAR"|"FC Barcelona Fan Token"|"-"|||"2023-01-12 09:47:06"
"UFDA0000000354"|"SPURS"|"SPURS"|"SPURS"|"-"|||"2024-03-06 16:18:36"
"1414"|"XZC"|"XZC"|"Zcoin"|"-"|||"2020-07-24 09:17:43"
"UFDA0000000377"|"DYM"|"DYM"|"Dymension"|"-"|||"2024-05-02 15:56:18"
"1886"|"DENT"|"DENT"|"Dent"|"-"|||"2020-07-24 09:17:43"
"2861"|"GO"|"GO"|"GoChain"|"-"|||"2020-07-24 09:17:43"
"UFDA0000000046"|"KUB"|"KUB"|"Bitkub Coin"|"-"|||"2022-06-02 18:47:22"
"2492"|"ELA"|"ELA"|"Elastos"|"-"|||"2020-07-24 09:17:43"
"UFDA0000000061"|"AUCTION"||"Bounce Token (AUCTION)"|"-"|||"2021-09-16 13:30:52"
"1169"|"PIVX"|"PIVX"|"PIVX"|"-"|||"2020-07-24 09:17:43"
"UFDA0000000325"|"GALA2"|"GALA"|"GALAv2"|"-"|||"2023-05-11 09:35:39"
"UFDA0000000422"|"PEOPLE"|"PEOPLE"|"ConstitutionDao"|"-"|||"2024-08-06 14:13:44"
"UFDA0000000128"|"RLY"||"Rally"|"-"|||"2022-08-18 19:53:24"
"2062"|"AION"|"AION"|"Aion"|"-"|||"2020-07-24 09:17:43"
"PKR"|"PKR"|"PKR"|"PAKISTAN RUPEE"|"รูปี ปากีสถาน"|||"2020-05-12 09:02:04"
"3717"|"WBTC"|"WBTC"|"Wrapped Bitcoin"|"-"|||"2020-07-24 09:17:43"
"254"|"NLG"|"NLG"|"Gulden"||||"2020-05-12 09:02:04"
"UFDA0000000366"|"POKT"|"POKT"|"POKT"|"-"|||"2024-04-04 10:38:12"
"2916"|"NIM"|"NIM"|"Nimiq"|"-"|||"2020-07-24 09:17:43"
"UFDA0000000107"|"SUPER"||"SUPER"|"-"|||"2022-03-02 11:52:57"
"5087"|"CBUCKS"|"CBUCKS"|"CRYPTOBUCKS"|"-"|||"2020-07-24 09:17:43"
"UFDA0000000308"|"CITY"|"CITY"|"Manchester City Fan Token"|"-"|||"2023-01-12 09:46:58"
"3620"|"ATP"|"ATP"|"Atlas Protocol"||||"2020-05-12 09:02:04"
"AWG"|"AWG"|"AWG"|"ARUBAN GUILDER"|"กิลเดอร์ อารูบา"|||"2020-05-12 09:02:04"
"3507"|"MBC"|"MBC"|"MicroBitcoin"|"-"|||"2020-07-24 09:17:43"
"UFDA0000000001"|"JFIN"|"JFC"|"JFinCoin"|"เจฟินคอยน์"|||"2021-08-18 15:07:00"
"XCD"|"XCD"|"XCD"|"EAST CARIBBEAN DOLLAR"|"ดอลลาร์ คาริบเบียลตะวันออก"|||"2020-05-12 09:02:04"
"5560"|"ICH"|"ICH"|"Idea Chain Coin"|"-"|||"2020-07-24 09:17:43"
"UFDA0000000432"|"TRU"|"TRU"|"TrueFI"|"-"|||"2024-08-06 14:53:14"
"ZAR"|"ZAR"|"ZAR"|"RAND"|"แรนด์"|||"2020-05-12 09:02:04"
"UFDA0000000509"|"DRIFT"|"DRIFT"|"Drift"|"-"|||"2024-11-28 10:35:37"
"UFDA0000000096"|"FUSE"||"FUSE network"|"-"|||"2022-01-13 10:48:34"
"IQD"|"IQD"|"IQD"|"IRAQI DINAR"|"ดีนาร์ อิรัก"|||"2020-05-12 09:02:04"
"1765"|"EOS"|"EOS"|"EOS"|"-"|||"2020-07-24 09:17:43"
"4092"|"DUSK"|"DUSK"|"Dusk Network"|"-"|||"2020-07-24 09:17:43"
"3519"|"BRZE"|"BRZE"|"Breezecoin"|"-"|||"2020-07-24 09:17:43"
"UFDA0000000067"|"INJ"||"Injective"|"-"|||"2022-11-02 13:45:46"
"2739"|"DGX"|"DGX"|"Digix Gold Token"||||"2020-05-12 09:02:04"
"1592"|"TAAS"|"TAAS"|"TaaS"||||"2020-05-12 09:02:04"
"UFDA0000000421"|"BANANA"|"BANANA"|"BANANA GUN"|"-"|||"2024-07-25 16:56:38"
"XAG"|"XAG"|"XAG"|"SILVER"|"เงิน"|||"2020-05-12 09:02:04"
"UFDA0000000042"|"FLOW"|"FLOW"|"Flow"|"-"|||"2021-08-18 14:51:57"
"GMD"|"GMD"|"GMD"|"DALASI"|"ดาราซี"|||"2020-05-12 09:02:04"
"5221"|"HNS"|"HNS"|"Handshake "|"-"|||"2020-07-24 09:17:43"
"UFDA0000000387"|"QI"|"QI"|"QI-Benqi"|"-"|||"2024-05-09 12:08:15"
"3914"|"GTN"|"GTN"|"GlitzKoin"|"-"|||"2020-07-24 09:17:43"
"4950"|"LCX"|"LCX"|"LCX"|"-"|||"2020-07-24 09:17:43"
"UFDA0000000024"|"BCHA"||"Bitcoin Cash ABC"|"บีซีเอชเอ"|||"2021-12-21 09:25:35"
"291"|"MAID"|"MAID"|"MaidSafeCoin"|"-"|||"2020-07-24 09:17:43"
"3683"|"AENS"|"AENS"|"AEN Smart Token"|"-"|||"2020-07-24 09:17:43"
"4172"|"LUNC"|"LUNC"|"Terra Classic"|"-"|||"2022-05-31 10:23:30"
"UFDA0000000513"|"ME"|"ME"|"Magic Eden"|"-"|||"2024-12-18 09:16:45"
"3458"|"ZT"|"ZT"|"ZTCoin"|"ZTCoin"|||"2021-08-18 09:56:58"
"BYR "|"BYR "|"BYR "|"BELARUSSIAN RUBLE"|"รูเบิล เบลารุส"|||"2020-05-12 09:02:04"
"4762"|"ZVC"|"ZVC"|"ZVCHAIN"||||"2020-05-12 09:02:04"
"2246"|"CMT"|"CMT"|"CyberMiles"|"-"|||"2020-07-24 09:17:43"
"SOS"|"SOS"|"SOS"|"SOMALI SHILLING"|"ชิลลิง โซมาเลีย"|||"2020-05-12 09:02:04"
"UFDA0000000536"|"PUNDIAI"|"PUNDIAI"|"Pundi AI"|"-"|||"2025-02-14 13:30:32"
"PYG"|"PYG"|"PYG"|"GUARANI"|"กวารานี"|||"2020-05-12 09:02:04"
"2454"|"UIP"|"UIP"|"UnlimitedIP"||||"2020-05-12 09:02:04"
"2066"|"EVR"|"EVR"|"Everus"||||"2020-05-12 09:02:04"
"4467"|"EGG"|"EGG"|"Nestree"|"-"|||"2020-07-24 09:17:43"
"2424"|"AGI"|"AGI"|"SingularityNET"|"-"|||"2020-07-24 09:17:43"
"UFDA0000000481"|"HIFI"|"HIFI"|" Hifi Finance"|"-"|||"2024-08-30 14:27:29"
"2726"|"GEN"|"GEN"|"DAOstack"|"-"|||"2020-07-24 09:17:43"
"5444"|"CTSI"|"CTSI"|"Cartesi"|"-"|||"2020-07-24 09:17:43"
"IRR"|"IRR"|"IRR"|"IRANIAN RIAL"|"เรียล อิหร่าน"|||"2020-05-12 09:02:04"
"UFDA0000000093"|"LYXe"||"LUKSO-LYXe"|"-"|||"2022-01-12 11:08:17"
"UFDA0000000465"|"VIC"|"VIC"|"Viction"|"-"|||"2024-08-30 13:47:00"
"UFDA0000000454"|"ACE"|"ACE"|"Fusionist"|"-"|||"2024-08-30 13:16:11"
"ZWL"|"ZWL"|"ZWL"|"ZIMBABWE DOLLAR"|"ดอลลาร์ ซิมบับเว"|||"2020-05-12 09:02:04"
"4180"|"DDK"|"DDK"|"DDKoin"||||"2020-05-12 09:02:04"
"1908"|"NAS"|"NAS"|"Nebulas"|"-"|||"2020-07-24 09:17:43"
"KMF"|"KMF"|"KMF"|"COMORO FRANC"|"ฟรังก์ คอโมโรส"|||"2020-05-12 09:02:04"
"UFDA0000000005"|"RPX"||"Red Pulse"|"เรด เพริส"|||"2020-08-03 15:11:40"
"2296"|"OST"|"OST"|"OST"|"-"|||"2020-07-24 09:17:43"
"UFDA0000000052"|"FIL"|"FIL"|"Filecoin"|"-"|||"2021-08-18 14:51:36"
"UFDA0000000412"|"ASI"|"ASI"|"Artificial Superintelligence Alliance"|"-"|||"2024-06-21 16:48:45"
"5426"|"SOL"|"SOL"|"Solana"|"-"|||"2021-05-11 15:21:56"
"2941"|"CET"|"CET"|"CoinEx Token"|"-"|||"2020-07-24 09:17:43"
"CLP"|"CLP"|"CLP"|"CHILEAN PESO"|"เปโซ ชิลี"|||"2020-05-12 09:02:04"
"5094"|"LVX"|"LVX"|"Level01"|"-"|||"2020-07-24 09:17:43"
"AOA"|"AOA"|"AOA"|"KWANZA"|"ควันซา"|||"2020-05-12 09:02:04"
"3085"|"INO"|"INO"|"INO COIN"|"-"|||"2020-07-24 09:17:43"
"1976"|"BMC"|"BMC"|"Blackmoon"||||"2020-05-12 09:02:04"
"EUR"|"EUR"|"EUR"|"EURO"|"ยูโร"|||"2020-05-12 09:02:04"
"UFDA0000000047"|"SHIB"|"SHIB"|"SHIBA INU"|"-"|||"2021-08-18 15:42:09"
"UFDA0000000314"|"ACS"||"Access Protocol "|"-"|||"2023-03-08 17:53:46"
"SZL"|"SZL"|"SZL"|"LILANGENI"|"ลิลอนเกนี"|||"2020-05-12 09:02:04"
"1876"|"DCN"|"DCN"|"Dentacoin"||||"2020-05-12 09:02:04"
"3330"|"PAX"|"PAX"|"Paxos Standard"|"-"|||"2023-05-11 14:26:27"
"ETB"|"ETB"|"ETB"|"ETHIOPIAN BIRR"|"เปอร์ เอธิโอเปีย"|||"2020-05-12 09:02:04"
"UFDA0000000094"|"WEMIXC"||"WEMIX Classic"|"-"|||"2022-10-19 15:40:50"
"VND"|"VND"|"VND"|"DONG"|"ดอง"|||"2020-05-12 09:02:04"
"BIF"|"BIF"|"BIF"|"BURUNDI FRANC"|"ฟรังก์ บุรุนดี"|||"2020-05-12 09:02:04"
"GHS"|"GHS"|"GHS"|"GHANA CEDI"|"เซดี กานา"|||"2020-05-12 09:02:04"
"UFDA0000000512"|"ORCA"|"ORCA"|"Orca"|"-"|||"2024-12-18 09:09:35"
"5117"|"OGN"|"OGN"|"Origin Protocol"|"-"|||"2020-07-24 09:17:43"
"1698"|"ZEN"|"ZEN"|"Horizen"|"-"|||"2020-07-24 09:17:43"
"2371"|"UTT"|"UTT"|"United Traders Token"||||"2020-05-12 09:02:04"
"SEK"|"SEK"|"SEK"|"SWEDISH KRONA"|"โครนา สวีเดน"|||"2020-05-12 09:02:04"
"CRC"|"CRC"|"CRC"|"COSTA RICAN COLON"|"โคโลน คอสตาริกา"|||"2020-05-12 09:02:04"
"3664"|"AGVC"|"AGVC"|"AgaveCoin"|"-"|||"2020-07-24 09:17:43"
"3683"|"AEN"|"AEN"|"Aencoin"|"Aencoin"|||"2021-08-18 09:51:02"
"UFDA0000000361"|"AEVO"|"AEVO"|"AEVO"|"-"|||"2024-04-02 16:30:24"
"2915"|"MOC"|"MOC"|"Moss Coin"||||"2020-05-12 09:02:04"
"UFDA0000000103"|"BNX"||"BNX"|"-"|||"2022-03-02 11:48:59"
"2649"|"DEV"|"DEV"|"DeviantCoin"|"-"|||"2020-07-24 09:17:43"
"UFDA0000000470"|"VOXEL"|"VOXEL"|"Voxies"|"-"|||"2024-08-30 13:59:22"
"1455"|"GNT"|"GNT"|"Golem [deprecated]"|"-"|||"2021-08-23 14:47:34"
"UFDA0000000467"|"FIDA"|"FIDA"|"Solana Name Service"|"-"|||"2024-08-30 13:53:16"
"3617"|"ILC"|"ILC"|"ILCoin"|"-"|||"2020-07-24 09:17:43"
"UFDA0000000132"|"ETHW"||"EthereumPoW"|"-"||"-"|"2022-09-17 15:03:21"
"3662"|"HEDG"|"HEDG"|"HedgeTrade"|"-"|||"2020-07-24 09:17:43"
"UFDA0000000514"|"BIO"|"BIO"|"Bio Protocol"|"-"|||"2024-12-17 10:05:03"
"2324"|"ONE"|"ONE"|"BigONE Token"|"-"|||"2020-07-24 09:17:43"
"4842"|"FLG"|"FLG"|"Folgory Coin"|"-"|||"2020-07-24 09:17:43"
"UFDA0000000318"|"FXS"||"FXS"|"-"|||"2023-07-18 11:55:12"
"3946"|"CRE"|"CRE"|"Carry"|"-"|||"2020-07-24 09:17:43"
"3871"|"NEW"|"NEW"|"Newton"|"-"|||"2020-07-24 09:17:43"
"1437"|"ZEC"|"ZEC"|"Zcash"|"-"|||"2020-07-24 09:17:43"
"UFDA0000000089"|"APENFT"||"APENFT"|"-"|||"2021-12-14 10:33:38"
"2835"|"EDR"|"EDR"|"Endor Protocol"||||"2020-05-12 09:02:04"
"2165"|"ERC20"|"ERC20"|"ERC20"|"-"|||"2020-07-24 09:17:43"
"3126"|"XPX"|"XPX"|"ProximaX"||||"2020-05-12 09:02:04"
"UFDA0000000503"|"COW"|"COW"|"COW"|"-"|||"2024-11-15 11:15:46"
"5810"|"BZRX"|"BZRX"|"bZx Protocol"|"-"|||"2020-07-24 09:17:43"
"UFDA0000000109"|"ALICE"||"ALICE"|"-"|||"2022-03-02 12:06:16"
"HKD"|"HKD"|"HKD"|"HONG KONG DOLLAR"|"ดอลลาร์ ฮ่องกง"|||"2020-05-12 09:02:04"
"4687"|"BUSD"|"BUSD"|"Binance USD"|"-"|||"2020-07-24 09:17:43"
"UFDA0000000349"|"GHST"|"GHST"|"Aavegotchi"|"-"|||"2024-02-14 15:51:50"
"CLF"|"CLF"|"CLF"|"FUNDS CODE UNIDADES DE FOMENTO"|"ฟันด์ โค้ด ยูนิแดด ดี โฟเมนโต"|||"2020-05-12 09:02:04"
"UFDA0000000115"|"GLMR"||"GLMR"|"-"|||"2022-03-08 15:51:53"
"OMR"|"OMR"|"OMR"|"RIAL OMANI"|"เรียล โอมาน"|||"2020-05-12 09:02:04"
"UFDA0000000381"|"VANRY"|"VANRY"|"Vanar Chain"|"-"|||"2024-05-02 16:58:42"
"2300"|"WAXP"|"WAXP"|"WAX"|"-"|||"2020-07-24 09:17:43"
"UFDA0000000429"|"WBETH"|"WBETH"|"Wrapped Beacon ETH"|"-"|||"2024-08-06 14:48:16"
"2043"|"CND"|"CND"|"Cindicator"|"-"|||"2020-07-24 09:17:43"
"460"|"CLAM"|"CLAM"|"Clams"|"-"|||"2020-07-24 09:17:43"
"1320"|"ARDR"|"ARDR"|"Ardor"|"-"|||"2020-07-24 09:17:43"
"UFDA0000000302"|"AXL"||"Axelar"|"-"|||"2022-11-23 17:04:41"
"4206"|"WIN"|"WIN"|"WINk"|"-"|||"2020-07-24 09:17:43"
"LRD"|"LRD"|"LRD"|"LIBERIAN DOLLAR"|"ดอลลาร์ ไลบีเรีย"|||"2020-05-12 09:02:04"
"2307"|"BIX"|"BIX"|"Bibox Token"|"-"|||"2020-07-24 09:17:43"
"2897"|"CCC"|"CCC"|"Clipper Coin"||||"2020-05-12 09:02:04"
"UFDA0000000382"|"AI"|"AI"|"Sleepless AI"|"-"|||"2024-05-02 17:01:51"
"3916"|"THX"|"THX"|"ThoreNext"|"-"|||"2020-07-24 09:17:43"
"UFDA0000000499"|"CARV"|"CARV"|"CARV"|"-"|||"2024-11-08 10:13:39"
"3801"|"BORA"|"BORA"|"BORA"|"-"|||"2020-07-24 09:17:43"
"2319"|"QC"|"QC"|"QCash"|"-"|||"2020-07-24 09:17:43"
"2866"|"UPP"|"UPP"|"Sentinel Protocol"|"-"|||"2020-07-24 09:17:43"
"BGN"|"BGN"|"BGN"|"BULGARIAN LEV"|"เลฟ บัลแกเรีย"|||"2020-05-12 09:02:04"
"UFDA0000000059"|"C98"||"Coin98"|"-"|||"2021-08-31 15:39:18"
"UFDA0000000413"|"JUP"|"JUP"|"Jupiter"|"-"|||"2024-06-21 16:54:00"
"UFDA0000000331"|"MOVR"|"MOVR"|"Moonriver"|"-"|||"2023-08-24 14:00:11"
"3987"|"BDX"|"BDX"|"Beldex"|"-"|||"2020-07-24 09:17:43"
"SRD"|"SRD"|"SRD"|"SURINAM DOLLAR"|"ดอลลาร์ ซูรินาเม"|||"2020-05-12 09:02:04"
"UFDA0000000455"|"LAZIO"|"LAZIO"|"Lazio Fan Token"|"-"|||"2024-08-30 13:18:39"
"UFDA0000000347"|"ALT"|"ALT"|"ALT"|"-"|||"2024-02-14 10:37:12"
"UFDA0000000322"|"ID"||"SPACE ID"|"-"|||"2023-05-08 09:01:55"
"3724"|"SOLVE"|"SOLVE"|"SOLVE"|"-"|||"2020-07-24 09:17:43"
"UFDA0000000437"|"ASR"|"ASR"|"AS Roma Fan Token"|"-"|||"2024-08-06 15:40:09"
"2277"|"SMT"|"SMT"|"SmartMesh"||||"2020-05-12 09:02:04"
"2502"|"HT"|"HT"|"Huobi Token"|"-"|||"2020-07-24 09:17:43"
"UFDA0000000479"|"CLV"|"CLV"|"Clover Finance"|"-"|||"2024-08-30 14:25:14"
"3408"|"USDC"|"USDC"|"USD Coin"|"-"|||"2020-07-24 09:17:43"
"1772"|"STORJ"|"STORJ"|"Storj"|"-"|||"2020-07-24 09:17:43"
"5829"|"SWAP"|"SWAP"|"TrustSwap"|"-"|||"2020-07-24 09:17:43"
"3155"|"QNT"|"QNT"|"Quant"|"-"|||"2020-07-24 09:17:43"
"UFDA0000000030"|"GRT"|"GRT"|"The Graph"|"จีอาร์ที"|||"2021-08-18 15:26:47"
"UFDA0000000012"|"LN"||"LINE Blockchain"|"แอลเอ็น"|||"2021-08-18 15:20:55"
"BZD"|"BZD"|"BZD"|"BELIZE DOLLAR"|"ดอลลาร์ เบลีซ"|||"2020-05-12 09:02:04"
"AUD"|"AUD"|"AUD"|"AUSTRALIAN DOLLAR"|"ดอลลาร์ ออสเตรเลีย"|||"2020-05-12 09:02:04"
"4030"|"ALGO"|"ALGO"|"Algorand"|"-"|||"2020-07-24 09:17:43"
"3581"|"PNK"|"PNK"|"Kleros"|"-"|||"2020-07-24 09:17:43"
"UFDA0000000357"|"BONK"|"BONK"|"BONK"|"-"|||"2024-03-28 16:33:43"
"UFDA0000000323"|"PERP"||"Perpetual Protocol"|"-"|||"2023-05-08 09:05:46"
"3772"|"SCC"|"SCC"|"STEM CELL COIN"|"-"|||"2020-07-24 09:17:43"
"HTG"|"HTG"|"HTG"|"GOURDE"|"กอร์ด"|||"2020-05-12 09:02:04"
"UFDA0000000388"|"AKT"|"AKT"|"AKT-Akash Network "|"-"|||"2024-05-09 12:12:24"
"UFDA0000000489"|"BLUM"|"BLUM"|"Blum"|"-"|||"2024-10-02 15:33:38"
"5548"|"MASS"|"MASS"|"Massnet"|"-"|||"2020-07-24 09:17:43"
"UFDA0000000101"|"CGU"||"Crypto Gaming United"|"-"|||"2022-02-22 16:27:25"
"UFDA0000000342"|"Hook"|"Hook"|"Hook"|"-"|||"2024-01-12 17:05:52"
"5325"|"BIKI"|"BIKI"|"BIKI"|"-"|||"2020-07-24 09:17:43"
"UFDA0000000526"|"USTC"|"USTC"|"TerraClassicUSD"|"-"|||"2025-01-15 10:52:58"
"1958"|"TRX"|"TRX"|"TRON"|"-"|||"2020-07-24 09:17:43"
"UFDA0000000537"|"LAYER"|"LAYER"|"Solayer"|"-"|||"2025-02-14 13:35:02"
"5186"|"XT"|"XT"|"ExtStock Token"|"-"|||"2020-07-24 09:17:43"
"789"|"NXS"|"NXS"|"Nexus"|"-"|||"2020-07-24 09:17:43"
"UFDA0000000496"|"1000PEPPER"||"PEPPER"|"-"|||"2024-10-24 10:02:24"
"1776"|"MCO"|"MCO"|"MCO"|"-"|||"2020-07-24 09:17:43"
"1720"|"IOTA"|"MIOTA"|"IOTA"|"-"|||"2021-08-18 13:05:47"
"3884"|"FX"|"FX"|"Function X"|"-"|||"2020-07-24 09:17:43"
"UFDA0000000033"|"DON"|"DON"|"Donnie Finance"|"ดีโอเอ็น"|||"2021-08-18 14:48:38"
"131"|"DASH"|"DASH"|"Dash"|"-"|||"2020-07-24 09:17:43"
"1788"|"MTL"|"MTL"|"Metal"|"-"|||"2020-07-24 09:17:43"
"XBB"|"XBB"|"XBB"|"EUROPEAN MONETARY UNIT (EMU-6)"|"อีเอ็มยู 6"|||"2020-05-12 09:02:04"
"UFDA0000000353"|"PYTH"|"PYTH"|"PYTH"|"-"|||"2024-03-05 17:00:44"
"UFDA0000000410"|"PORTAL"|"PORTAL"|"Portal"|"-"|||"2024-06-21 16:01:04"
"2299"|"ELF"|"ELF"|"aelf"|"-"|||"2020-07-24 09:17:43"
"HNL"|"HNL"|"HNL"|"LEMPIRA"|"เลมพีรา ฮอนดูรัส"|||"2020-05-12 09:02:04"
"2399"|"INT"|"INT"|"INT Chain"||||"2020-05-12 09:02:04"
"2633"|"XSN"|"XSN"|"Stakenet"|"-"|||"2020-07-24 09:17:43"
"UFDA0000000464"|"ACA"|"ACA"|"Acala Token"|"-"|||"2024-08-30 13:44:47"
"2859"|"XMX"|"XMX"|"XMax"|"-"|||"2020-07-24 09:17:43"
"3974"|"BTC2"|"BTC2"|"Bitcoin 2"|"-"|||"2020-07-24 09:17:43"
"2359"|"POLIS"|"POLIS"|"Polis"||||"2020-05-12 09:02:04"
"UFDA0000000495"|"BNSOL"|"BNSOL"|"BNSOL"|"-"|||"2024-10-24 09:55:22"
"5620"|"EXE"|"EXE"|"8X8 PROTOCOL"|"-"|||"2020-07-24 09:17:43"
"3845"|"VIDT"|"VIDT"|"V-ID"|"-"|||"2020-07-24 09:17:43"
"VUV"|"VUV"|"VUV"|"VATU"|"วาตู"|||"2020-05-12 09:02:04"
"1321"|"ETC"|"ETC"|"Ethereum Classic"|"-"|||"2020-07-24 09:17:43"
"2251"|"ITC"|"ITC"|"IoT Chain"|"-"|||"2020-07-24 09:17:43"
"FKP"|"FKP"|"FKP"|"FALKLAND ISLANDS POUND"|"ปอนด์ หมู่เกาะฟอล์กแลนด์"|||"2020-05-12 09:02:04"
"UFDA0000000497"|"PRCL"|"PRCL "|"Parcl"|"-"|||"2024-10-29 13:20:00"
"2955"|"COSM"|"COSM"|"Cosmo Coin"||||"2020-05-12 09:02:04"
"BRL"|"BRL"|"BRL"|"BRAZILIAN REAL"|"เรียล บราซิล"|||"2020-05-12 09:02:04"
"4281"|"BHT"|"BHT"|"BHEX Token"|"-"|||"2020-07-24 09:17:43"
"UFDA0000000334"|"CLEAR"|"CLEAR"|"Everclear"|"-"|||"2025-02-03 14:45:27"
"5815"|"BPS"|"BPS"|"BitcoinPoS"|"-"|||"2020-07-24 09:17:43"
"UFDA0000000472"|"COMBO"|"COMBO"|"COMBO"|"-"|||"2024-08-30 14:06:09"
"UFDA0000000471"|"PORTO"|"PORTO"|"FC Porto Fan Token"|"-"|||"2024-08-30 14:02:05"
"CAD"|"CAD"|"CAD"|"CANADIAN DOLLAR"|"ดอลลาร์ แคนาดา"|||"2020-05-12 09:02:04"
"1008"|"CPS"|"CPS"|"Capricoin+"|"-"|||"2020-07-24 09:17:43"
"3951"|"ARRR"|"ARRR"|"Pirate Chain"||||"2020-05-12 09:02:04"
"LYD"|"LYD"|"LYD"|"LIBYAN DINAR"|"ดีนาร์ ลิเบีย"|||"2020-05-12 09:02:04"
"4484"|"CRN"|"CRN"|"ChronoCoin"||||"2020-05-12 09:02:04"
"5279"|"SOLO"|"SOLO"|"SOLO"|"-"|||"2024-02-29 14:02:01"
"3840"|"FST"|"FST"|"1irstcoin"|"-"|||"2020-07-24 09:17:43"
"UFDA0000000075"|"BAKE"||"BakeryToken"|"-"|||"2021-11-05 15:16:23"
"DKK"|"DKK"|"DKK"|"DANISH KRONE"|"โครน เดนมาร์ก"|||"2020-05-12 09:02:04"
"5488"|"JST"|"JST"|"JUST"|"-"|||"2020-07-24 09:17:43"
"2675"|"DOCK"|"DOCK"|"Dock"|"-"|||"2020-07-24 09:17:43"
"UFDA0000000407"|"NOT"|"NOT"|"Notcoin"|"-"|||"2024-06-21 15:41:51"
"3609"|"CWV"|"CWV"|"CWV Chain"|"-"|||"2020-07-24 09:17:43"
"MOP"|"MOP"|"MOP"|"PATACA"|"พาทากา"|||"2020-05-12 09:02:04"
"2212"|"QSP"|"QSP"|"Quantstamp"|"-"|||"2020-07-24 09:17:43"
"UFDA0000000085"|"IMX"||"Immutable X "|"-"|||"2021-12-03 17:03:00"
"3783"|"ANKR"|"ANKR"|"Ankr"|"-"|||"2020-07-24 09:17:43"
"1703"|"ETP"|"ETP"|"Metaverse ETP"|"-"|||"2020-07-24 09:17:43"
"UFDA0000000050"|"AXS"|"AXS"|"Axie Infinity"|"-"|||"2021-08-18 14:42:32"
"2444"|"C20"|"C20"|"CRYPTO20"|"-"|||"2020-07-24 09:17:43"
"3364"|"PLC"|"PLC"|"PLATINCOIN"|"-"|||"2020-07-24 09:17:43"
"1856"|"DNT"|"DNT"|"district0x"||||"2020-05-12 09:02:04"
"UFDA0000000305"|"AFC"|"AFC"|"Arsenal Fan Token"|"-"|||"2023-01-12 09:47:20"
"2090"|"LA"|"LA"|"LATOKEN"|"-"|||"2020-07-24 09:17:43"
"3742"|"BNANA"|"BNANA"|"Chimpion"|"-"|||"2020-07-24 09:17:43"
"4366"|"MIX"|"MIX"|"MixMarvel"|"-"|||"2020-07-24 09:17:43"
"3637"|"AERGO"|"AERGO"|"Aergo"|"-"|||"2020-07-24 09:17:43"
"2476"|"RUFF"|"RUFF"|"Ruff"||||"2020-05-12 09:02:04"
"4026"|"DAPP"|"DAPP"|"LiquidApps"|"-"|||"2020-07-24 09:17:43"
"UFDA0000000370"|"AERO"|"AERO"|"Aerodrome"|"-"|||"2024-04-18 09:51:21"
"UFDA0000000134"|"WEMIX3"||"WEMIX3.0"|"-"|||"2022-10-19 20:28:09"
"1996"|"SALT"|"SALT"|"SALT"||||"2020-05-12 09:02:04"
"UFDA0000000427"|"FARM"|"FARM"|"Harvest Finance"|"-"|||"2024-08-06 14:30:19"
"UFDA0000000473"|"ALPACA"|"ALPACA"|"Alpaca Finance"|"-"|||"2024-08-30 14:07:25"
"3653"|"BRC"|"BRC"|"Baer Chain"|"-"|||"2020-07-24 09:17:43"
"2576"|"TEN"|"TEN"|"Tokenomy"||||"2020-05-12 09:02:04"
"UFDA0000000135"|"APT"||"Aptos APT"|"-"|||"2022-10-26 15:04:15"
"2341"|"SWFTC"|"SWFTC"|"SwftCoin"||||"2020-05-12 09:02:04"
"1229"|"DGD"|"DGD"|"DigixDAO"|"-"|||"2020-07-24 09:17:43"
"1947"|"MTH"|"MTH"|"Monetha"||||"2020-05-12 09:02:04"
"UAH"|"UAH"|"UAH"|"HRYVNIA"|"รีฟเนีย"|||"2020-05-12 09:02:04"
"2989"|"EURS"|"EURS"|"STASIS EURO"|"-"|||"2020-07-24 09:17:43"
"UFDA0000000521"|"COOKIE"|"COOKIE"|"Cookie DAO"|"-"|||"2025-01-14 10:00:47"
"5614"|"ZLW"|"ZLW"|"Zelwin"|"-"|||"2020-07-24 09:17:43"
"UFDA0000000100"|"ONIT"||"ONBUFF ONIT"|"-"|||"2022-01-26 16:19:17"
"LVL"|"LVL"|"LVL"|"LATVIAN LATS"|"ลัตส์ ลัตเวีย"|||"2020-05-12 09:02:04"
"UFDA0000000114"|"SPS"||"SPS"|"-"|||"2022-03-04 11:29:49"
"4957"|"BIP"|"BIP"|"Minter Network"|"-"|||"2020-07-24 09:17:43"
"UFDA0000000015"|"GOLD"||"Xbullion"|"เอ็กบูเลี่ยน"|||"2022-06-02 18:45:25"
"4944"|"TRB"|"TRB"|"Tellor"|"-"|||"2020-07-24 09:17:43"
"5113"|"SURE"|"SURE"|"inSure"|"-"|||"2020-07-24 09:17:43"
"UFDA0000000303"|"EVRM"|"EVR"|"Evrmore"|"-"|||"2022-12-07 18:09:03"
"UFDA0000000333"|"CYBER"||"CyberConnect"|"-"|||"2023-08-29 13:23:36"
"UFDA0000000378"|"MEME"|"MEME"|"Memecoin"|"-"|||"2024-05-02 16:13:53"
"4118"|"FOR"|"FOR"|"The Force Protocol"|"-"|||"2020-07-24 09:17:43"
"3930"|"TT"|"TT"|"Thunder Token"|"-"|||"2020-07-24 09:17:43"
"3718"|"BTT"|"BTTOLD"|"BitTorrent Old"|"-"|||"2022-01-12 16:59:12"
"UFDA0000000414"|"ZRO"|"ZRO"|"LayerZero"|"-"|||"2024-06-26 16:36:13"
"BND"|"BND"|"BND"|"BRUNEI DOLLAR"|"ดอลลาร์ บรูไนดารุสซาลาม"|||"2020-05-12 09:02:04"
"1697"|"BAT"|"BAT"|"Basic Attention Token"|"-"|||"2020-07-24 09:17:43"
"MGA"|"MGA"|"MGA"|"MALAGASY ARIARY"|"อเรียรี่ มาดากัสการ์"|||"2020-05-12 09:02:04"
"1982"|"KNCL [deprecated]"|"KNCL"|"Kyber Network Crystal Legacy [deprecated]"|"-"|||"2021-08-23 14:48:28"
"XPT"|"XPT"|"XPT"|"PLATINUM"|"แพลตตินัม"|||"2020-05-12 09:02:04"
"2137"|"ETN"|"ETN"|"Electroneum"|"-"|||"2020-07-24 09:17:43"
"BOV"|"BOV"|"BOV"|"FUNDS CODE MVDOL"|"ฟันด์ โค้ด อิมมิอูเบโดล์"|||"2020-05-12 09:02:04"
"5079"|"APM"|"APM"|"apM Coin"||||"2020-05-12 09:02:04"
"707"|"BLOCK"|"BLOCK"|"Blocknet"|"-"|||"2020-07-24 09:17:43"
"UFDA0000000326"|"JOE"||"JOE"|"-"|||"2023-07-18 11:54:16"
"2405"|"IOST"|"IOST"|"IOST"|"-"|||"2020-07-24 09:17:43"
"1680"|"ANT"|"ANT"|"Aragon"|"-"|||"2020-07-24 09:17:43"
"UFDA0000000316"|"MAGIC"||"MAGIC"|"-"|||"2023-07-18 11:56:12"
"UFDA0000000337"|"PURSE"||" Pundi X PURSE"|"-"|||"2023-12-20 09:07:29"
"1521"|"KMD"|"KMD"|"Komodo"|"-"|||"2020-07-24 09:17:43"
"1027"|"ETH"|"ETH"|"Ethereum"|"-"|||"2020-07-24 09:17:43"
"1403"|"1ST"|"1ST"|"FirstBlood"||||"2020-05-12 09:02:04"
"DZD"|"DZD"|"DZD"|"ALGERIAN DINAR"|"ดีนาร์ แอลจีเรีย"|||"2020-05-12 09:02:04"
"2524"|"UTNP"|"UTNP"|"Universa"||||"2020-05-12 09:02:04"
"3936"|"GNY"|"GNY"|"GNY"||||"2020-05-12 09:02:04"
"2538"|"NEC"|"NEC"|"Nectar"|"-"|||"2020-07-24 09:17:43"
"4122"|"CCA"|"CCA"|"Counos Coin"|"-"|||"2020-07-24 09:17:43"
"4215"|"EM"|"EM"|"Eminer"|"-"|||"2020-07-24 09:17:43"
"5084"|"PLF"|"PLF"|"PlayFuel"|"-"|||"2020-07-24 09:17:43"
"RUB"|"RUB"|"RUB"|"RUSSIAN RUBLE"|"รูเบิล รัสเซีย"|||"2020-05-12 09:02:04"
"2545"|"ABT"|"ABT"|"Arcblock"|"-"|||"2020-07-24 09:17:43"
"UFDA0000000036"|"LINA"|"LINA"|"Linear"|"-"|||"2021-11-10 00:27:36"
"UFDA0000000416"|"ATH"|"ATH"|"ATH Aethir"|"-"|||"2024-07-05 09:27:09"
"UFDA0000000475"|"CHESS"|"CHESS"|"Tranchess"|"-"|||"2024-08-30 14:09:27"
"UFDA0000000456"|"AEUR"|"AEUR"|"Anchored EUR"|"-"|||"2024-08-30 13:21:25"
"UFDA0000000524"|"UNFI"|"UNFI"|"Unifi Protocol DAO"|"-"|||"2025-01-15 10:47:11"
"UFDA0000000426"|"LEVER"|"LEVER"|"LeverFI"|"-"|||"2024-08-06 14:27:34"
"XPD"|"XPD"|"XPD"|"PALLADIUM"|"พัลเลเดียม"|||"2020-05-12 09:02:04"
"2937"|"VITE"|"VITE"|"VITE"|"-"|||"2020-07-24 09:17:43"
"KRW"|"KRW"|"KRW"|"WON"|"วอน เกาหลีใต้"|||"2020-05-12 09:02:04"
"UFDA0000000113"|"BMP"||"BMP"|"-"|||"2022-03-03 17:34:44"
"PEN"|"PEN"|"PEN"|"NUEVO SOL"|"ซัล เปรู"|||"2020-05-12 09:02:04"
"AZN"|"AZN"|"AZN"|"AZERBAIJANIAN MANAT (NEW)"|"มานาท อาเซอร์ไบจาน"|||"2020-05-12 09:02:04"
"2318"|"NEU"|"NEU"|"Neumark"||||"2020-05-12 09:02:04"
"COU"|"COU"|"COU"|"UNIDAD DE VALOR REAL"|"ยูนิแดด ดี วาโล เรียล"|||"2020-05-12 09:02:04"
"UFDA0000000084"|"AQUA"|"AQUA"|"Aquarius"|"-"|||"2022-06-02 18:50:22"
"UFDA0000000394"|"W"|"W"|"Wormhole"|"-"|||"2024-06-06 10:32:37"
"BTN"|"BTN"|"BTN"|"NGULTRUM"|"เองกัลทรัม"|||"2020-05-12 09:02:04"
"3585"|"WET"|"WET"|"WeShow Token"|"-"|||"2020-07-24 09:17:43"
"2570"|"TOMO"|"TOMO"|"TomoChain"|"-"|||"2020-07-24 09:17:43"
"3144"|"THR"|"THR"|"ThoreCoin"|"-"|||"2020-07-24 09:17:43"
"SVC"|"SVC"|"SVC"|"EL SALVADOR COLON"|"โคโลน เอลซัลวาดอร์"|||"2020-05-12 09:02:04"
"UFDA0000000346"|"SFP"|"SFP"|"SFP"|"-"|||"2024-02-14 09:57:56"
"2134"|"GRID"|"GRID"|"Grid+"|"-"|||"2020-07-24 09:17:43"
"UFDA0000000315"|"ARB"||"Arbitrum"|"-"|||"2023-04-18 13:53:46"
"UFDA0000000468"|"GNS"|"GNS"|"Gains Network"|"-"|||"2024-08-30 13:55:11"
"UFDA0000000110"|"DAR"||"DAR"|"-"|||"2022-03-02 12:07:52"
"UFDA0000000402"|"TAIKO"|"TAIKO"|"TAIKO"|"-"|||"2024-06-20 10:34:06"
"5127"|"HTDF"|"HTDF"|"Orient Walt"|"-"|||"2020-07-24 09:17:43"
"2306"|"BRD"|"BRD"|"Bread"|"-"|||"2020-07-24 09:17:43"
"4195"|"FTT"|"FTT"|"FTX Token"|"-"|||"2020-07-24 09:17:43"
"BWP"|"BWP"|"BWP"|"PULA"|"พูลา"|||"2020-05-12 09:02:04"
"UFDA0000000372"|"FDUSD"|"FDUSD"|"First Digital USD"|"-"|||"2024-04-29 10:14:05"
"2087"|"KCS"|"KCS"|"KuCoin Shares"|"-"|||"2020-07-24 09:17:43"
"UFDA0000000444"|"MOVELAB"|"MOVELAB"|"Movement Labs"|"-"|||"2024-08-06 16:19:57"
"1654"|"BTX"|"BTX"|"Bitcore"||||"2020-05-12 09:02:04"
"UFDA0000000098"|"EXFI"||"Flare Finance EXFI"|"-"|||"2022-01-13 17:40:05"
"UFDA0000000487"|"1MBABYDOGE"|"1MBABYDOGE"|" Baby Doge Coin"|"-"|||"2024-09-20 10:46:47"
"4049"|"BXK"|"BXK"|"Bitbook Gambling"|"-"|||"2020-07-24 09:17:43"
"UFDA0000000120"|"STG"||"Stargate Finance"|"-"|||"2022-03-29 09:47:37"
"UFDA0000000009"|"DOT"|"DOT"|"Polkadot"|"โพกาดอท"|||"2021-08-18 14:49:01"
"2345"|"HPB"|"HPB"|"High Performance Blockchain"|"-"|||"2020-07-24 09:17:43"
"1779"|"WGR"|"WGR"|"Wagerr"||||"2020-05-12 09:02:04"
"UFDA0000000111"|"ATLAS"||"ATLAS"|"-"|||"2022-03-02 12:08:49"
"UFDA0000000408"|"SAGA"|"SAGA"|"Saga"|"-"|||"2024-06-21 15:44:32"
"4850"|"LINKA"|"LINKA"|"LINKA"||||"2020-05-12 09:02:04"
"1750"|"GXC"|"GXC"|"GXChain"|"-"|||"2020-07-24 09:17:43"
"1660"|"TKN"|"TKN"|"Monolith"|"-"|||"2020-07-24 09:17:43"
"1808"|"OMG"|"OMG"|"OmiseGO"|"OmiseGO"|||"2021-08-18 09:48:18"
"3602"|"BSV"|"BSV"|"Bitcoin SV"|"-"|||"2020-07-24 09:17:43"
"UFDA0000000039"|"1INCH"|"1INCH"|"1INCH"|"-"|||"2021-10-29 23:57:36"
"2526"|"EVN"|"EVN"|"Envion"|"-"|||"2020-07-24 09:17:43"
"COP"|"COP"|"COP"|"COLOMBIAN PESO"|"เปโซ โคลอมเบีย"|||"2020-05-12 09:02:04"
"ISK"|"ISK"|"ISK"|"ICELAND KRONA"|"โครนา ไอซ์แลนด์"|||"2020-05-12 09:02:04"
"UFDA0000000438"|"MAV"|"MAV"|"Maverick Protocol"|"-"|||"2024-08-06 15:44:43"
"4360"|"FAB"|"FAB"|"FABRK"|"-"|||"2020-07-24 09:17:43"
"2336"|"GTC"|"GTC"|"Game.com"|"-"|||"2020-07-24 09:17:43"
"BDT"|"BDT"|"BDT"|"TAKA"|"ตากา"|||"2020-05-12 09:02:04"
"1159"|"SLS"|"SLS"|"SaluS"|"-"|||"2020-07-24 09:17:43"
"2593"|"DRG"|"DRG"|"Dragon Coins"|"-"|||"2020-07-24 09:17:43"
"UFDA0000000433"|"ACH"|"ACH"|"Alchemy Pay"|"-"|||"2024-08-06 14:59:28"
"UFDA0000000440"|"MDT"|"MDT"|"Measurable Data Token"|"-"|||"2024-08-06 16:03:01"
"2369"|"XNS"|"XNS"|"Insolar"|"-"|||"2021-08-18 09:56:24"
"LBP"|"LBP"|"LBP"|"LEBANESE POUND"|"ปอนด์ เลบานอน"|||"2020-05-12 09:02:04"
"DOP"|"DOP"|"DOP"|"DOMINICAN PESO"|"เปโซ สาธารณรัฐโดมินิกัน"|||"2020-05-12 09:02:04"
"5821"|"ALEPH"|"ALEPH"|"Aleph.im"|"-"|||"2020-07-24 09:17:43"
"UFDA0000000008"|"ONG"|"ONG"|"Ontology Gas"|"ออนโตโรจี แก๊ส"|||"2021-08-18 15:28:26"
"1982"|"KNC"|"KNC"|"Kyber Network Crystal v2"|"-"|||"2021-08-23 14:42:32"
"2346"|"WICC"|"WICC"|"WaykiChain"|"-"|||"2020-07-24 09:17:43"
"3826"|"TOP"|"TOP"|"TOP"|"-"|||"2020-07-24 09:17:43"
"5429"|"DEP"|"DEP"|"DEAPcoin"|"-"|||"2020-07-24 09:17:43"
"4057"|"ADN"|"ADN"|"Aladdin"||||"2020-05-12 09:02:04"
"UFDA0000000116"|"MINA"|"MINA"|"MINA"|"-"|||"2022-03-09 11:24:05"
"3020"|"BHP"|"BHP"|"BHPCoin"|"-"|||"2020-07-24 09:17:43"
"UFDA0000000006"|"CPY"||"Concensum"|"คอนเซนซัม"|||"2020-08-03 15:12:29"
"1684"|"QTUM"|"QTUM"|"Qtum"|"-"|||"2020-07-24 09:17:43"
"UFDA0000000057"|"TOK"||"Tokenplace"|"-"|||"2022-06-02 18:41:32"
"4979"|"PEG"|"PEG"|"PegNet"||||"2020-05-12 09:02:04"
"5313"|"CTCN"|"CTCN"|"CONTRACOIN"|"-"|||"2020-07-24 09:17:43"
"UFDA0000000063"|"AVAX"||"Avalanche AVAX"|"-"|||"2021-09-17 16:28:20"
"UFDA0000000400"|"METIS"|"METIS"|"Metis"|"-"|||"2024-06-14 10:08:43"
"UFDA0000000319"|"XCORE"||"XCORE"|"-"|||"2023-04-04 23:37:22"
"2496"|"POLY"|"POLY"|"Polymath"|"-"|||"2020-07-24 09:17:43"
"2662"|"XHV"|"XHV"|"Haven Protocol"|"-"|||"2020-07-24 09:17:43"
"UFDA0000000391"|"REZ"|"REZ"|"Renzo"|"-"|||"2024-05-20 11:35:17"
"2267"|"WABI"|"WABI"|"Tael"|"-"|||"2020-07-24 09:17:43"
"2918"|"BZ"|"BZ"|"Bit-Z Token"|"-"|||"2020-07-24 09:17:43"
"5428"|"VI"|"VI"|"Vid"|"-"|||"2020-07-24 09:17:43"
"4293"|"PERL"|"PERL"|"Perlin"|"-"|||"2020-07-24 09:17:43"
"4090"|"WXT"|"WXT"|"Wirex Token"|"-"|||"2020-07-24 09:17:43"
"3012"|"VTHO"|"VTHO"|"VeThor Token"|"-"|||"2020-07-24 09:17:43"
"2369"|"INS"|"INS"|"Insolar"|"Insolar"|||"2021-08-18 09:56:08"
"UFDA0000000359"|"PIXEL"|"PIXEL"|"PIXEL"|"-"|||"2024-03-28 16:47:01"
"3513"|"FTM"|"FTM"|"Fantom"|"-"|||"2020-07-24 09:17:43"
"1518"|"MKR"|"MKR"|"Maker"|"-"|||"2020-07-24 09:17:43"
"UFDA0000000399"|"MEME2"|"MEME2"|"MEMEcoin"|"-"|||"2024-06-14 09:36:08"
"5155"|"NYZO"|"NYZO"|"Nyzo"||||"2020-05-12 09:02:04"
"64"|"FLO"|"FLO"|"FLO"||||"2020-05-12 09:02:04"
"4060"|"TRV"|"TRV"|"TrustVerse"|"-"|||"2020-07-24 09:17:43"
"1853"|"OAX"|"OAX"|"OAX"||||"2020-05-12 09:02:04"
"4038"|"MBL"|"MBL"|"MovieBloc"|"-"|||"2020-07-24 09:17:43"
"UFDA0000000483"|"CATI"|"CATI"|"Catizen"|"-"|||"2024-09-12 13:21:49"
"3066"|"BCV"|"BCV"|"BitCapitalVendor"||||"2020-05-12 09:02:04"
"2830"|"SEELE"|"SEELE"|"Seele"|"Seele"|||"2021-08-18 09:49:02"
"2394"|"TEL"|"TEL"|"Telcoin"|"-"|||"2020-07-24 09:17:43"
"UFDA0000000002"|"INF"|"INF"|"Infinitus Token"|"อินฟินิตัส"|||"2021-08-18 15:06:17"
"5305"|"BTSE"|"BTSE"|"BTSE"|"-"|||"2020-07-24 09:17:43"
"2645"|"UUU"|"UUU"|"U Network"||||"2020-05-12 09:02:04"
"2245"|"PRE"|"PRE"|"Presearch"||||"2020-05-12 09:02:04"
"1726"|"ZRC"|"ZRC"|"ZrCoin"||||"2020-05-12 09:02:04"
"4676"|"MEXC"|"MEXC"|"MEXC Token"||||"2020-05-12 09:02:04"
"UFDA0000000352"|"RDNT"|"RDNT"|"RDNT"|"-"|||"2024-02-29 14:43:51"
"541"|"SYS"|"SYS"|"Syscoin"|"-"|||"2020-07-24 09:17:43"
"UFDA0000000014"|"RAD"||"Centrifuge Radial Token"|"-"|||"2022-04-04 14:21:22"
"2058"|"AST"|"AST"|"AirSwap"|"-"|||"2020-07-24 09:17:43"
"HRK"|"HRK"|"HRK"|"KUNA"|"คูนา"|||"2020-05-12 09:02:04"
"UFDA0000000379"|"OM"|"OM"|"Mantra"|"-"|||"2024-05-02 16:43:56"
"4214"|"AGRO"|"AGRO"|"Agrocoin"||||"2020-05-12 09:02:04"
"UFDA0000000091"|"GODS"||"GODS"|"-"|||"2021-12-28 10:15:21"
"1409"|"SNGLS"|"SNGLS"|"SingularDTV"||||"2020-05-12 09:02:04"
"2315"|"HTML"|"HTML"|"HTMLCOIN"||||"2020-05-12 09:02:04"
"4948"|"CKB"|"CKB"|"Nervos Network"|"-"|||"2020-07-24 09:17:43"
"1723"|"SNM"|"SNM"|"SONM"||||"2020-05-12 09:02:04"
"UFDA0000000088"|"ALK"||"ALK"|"-"|||"2021-12-14 09:39:07"
"UFDA0000000106"|"RARE"||"RARE"|"-"|||"2022-03-02 11:51:55"
"1712"|"QRL"|"QRL"|"Quantum Resistant Ledger"|"-"|||"2020-07-24 09:17:43"
"UFDA0000000449"|"EIGEN"|"EIGEN"|"EigenLayer"|"-"|||"2024-08-06 18:07:19"
"3731"|"PLA"|"PLA"|"PlayChip"|"-"|||"2020-07-24 09:17:43"
"UFDA0000000095"|"BTT20"|"BTT"|"BitTorrent (new)"|"บิททอร์เรนท์ (ใหม่)"|||"2022-01-12 16:57:33"
"2034"|"EVX"|"EVX"|"Everex"||||"2020-05-12 09:02:04"
"2698"|"HYDRO"|"HYDRO"|"Hydro"||||"2020-05-12 09:02:04"
"1104"|"REP"|"REP"|"Augur"|"-"|||"2020-07-24 09:17:43"
"5060"|"XNC"|"XNC"|"XeniosCoin"|"-"|||"2020-07-24 09:17:43"
"4103"|"FLETA"|"FLETA"|"FLETA"|"-"|||"2020-07-24 09:17:43"
"4943"|"DAI"|"DAI"|"Dai"|"-"|||"2020-07-24 09:17:43"
"2763"|"MRPH"|"MRPH"|"Morpheus.Network"|"-"|||"2020-07-24 09:17:43"
"UFDA0000000083"|"ENS"||"Ethereum Name Service"|"-"|||"2021-12-02 16:31:42"
"UFDA0000000017"|"tzBTC"||"Bitcoin Association Switzerland"|"ทีแซด บีทีซี"|||"2020-10-28 16:43:34"
"3077"|"VET"|"VET"|"VeChain"|"-"|||"2021-05-11 15:20:40"
"3997"|"BST"|"BST"|"BlockStamp"||||"2020-05-12 09:02:04"
"UFDA0000000104"|"MBOX"||"MBOX"|"-"|||"2022-03-02 11:49:53"
"1975"|"LINK"|"LINK"|"Chainlink"|"-"|||"2020-07-24 09:17:43"
"4283"|"BF"|"BF"|"BitForex Token"|"-"|||"2020-07-24 09:17:43"
"1834"|"PLR"|"PLR"|"Pillar"||||"2020-05-12 09:02:04"
"UFDA0000000040"|"API3"|"API3"|"API3"|"เอพีไอ3"|||"2024-03-13 15:53:10"
"UFDA0000000522"|"AIXBT"|"AIXBT"|"AIXBT by VIRTUAL"|"เอไอเอ็กซ์บีที บาย เวอ'ชวล"|||"2025-01-14 10:04:06"
"3835"|"ORBS"|"ORBS"|"Orbs"|"-"|||"2020-07-24 09:17:43"
"UFDA0000000411"|"MANTA"|"MANTA"|"Manta Network"|"-"|||"2024-06-21 16:04:13"
"UFDA0000000538"|"1000CHEEMS"|"1000CHEEMS"|"1000CHEEMS"|"-"|||"2025-02-17 11:47:50"
"UFDA0000000376"|"BOME"|"BOME"|"Book of Meme"|"-"|||"2024-05-02 15:39:59"
"UFDA0000000506"|"PNUT"|"PNUT"|"Peanut the Squirrel"|"-"|||"2024-11-19 17:33:01"
"UFDA0000000484"|"HMSTR"|"HMSTR"|"Hamster Kombat"|"-"|||"2024-09-12 13:23:45"
"3897"|"OKB"|"OKB"|"OKB"|"-"|||"2020-07-24 09:17:43"
"KPW"|"KPW"|"KPW"|"NORTH KOREAN WON"|"วอน เกาหลีเหนือ"|||"2020-05-12 09:02:04"
"UFDA0000000466"|"LOKA"|"LOKA"|"League of Kingdoms"|"-"|||"2024-08-30 13:52:28"
"SLL"|"SLL"|"SLL"|"LEONE"|"ลีโอน"|||"2020-05-12 09:02:04"
"573"|"BURST"|"BURST"|"Burst"|"-"|||"2020-07-24 09:17:43"
"2873"|"MET"|"MET"|"Metronome"||||"2020-05-12 09:02:04"
"UFDA0000000453"|"ALCX"|"ALCX"|"Alchemix"|"-"|||"2024-08-30 13:11:56"
"UFDA0000000527"|"ROSE"|"ROSE"|"Oasis Network"|"-"|||"2025-01-15 11:20:46"
"MYR"|"MYR"|"MYR"|"MALAYSIAN RIGGIT"|"ริงกิต มาเลเซีย"|||"2020-05-12 09:02:04"
"RSD"|"RSD"|"RSD"|"SERBIAN DINAR"|"ดีนาร์ เซอร์เบีย"|||"2020-05-12 09:02:04"
"UFDA0000000445"|"MONAD"|"MONAD"|"Monad"|"-"|||"2024-08-06 16:21:26"
"5692"|"COMP"|"COMP"|"Compound"|"-"|||"2020-07-24 09:17:43"
"2303"|"MED"|"MED"|"MediBloc"|"-"|||"2020-07-24 09:17:43"
"2566"|"ONT"|"ONT"|"Ontology"|"-"|||"2020-07-24 09:17:43"
"ALL"|"ALL"|"ALL"|"LEK"|"เลค"|||"2020-05-12 09:02:04"
"5481"|"BASIC"|"BASIC"|"BASIC"|"-"|||"2020-07-24 09:17:43"
"UFDA0000000434"|"NFP"|"NFP"|"NFPrompt Token"|"-"|||"2024-08-06 15:01:29"
"4006"|"STPT"|"STPT"|"Standard Tokenization Protocol"|"-"|||"2020-07-24 09:17:43"
"UZS"|"UZS"|"UZS"|"UZBEKISTAN SUM"|"โซม อุซเบกิสถาน"|||"2020-05-12 09:02:04"
"1803"|"PCN"|"PCN"|"PeepCoin"|"-"|||"2020-07-24 09:17:43"
"3589"|"ETHM"|"ETHM"|"Ethereum Meta"|"-"|||"2020-07-24 09:17:43"
"5320"|"BONO"|"BONO"|"Bonorum"|"-"|||"2020-07-24 09:17:43"
"2010"|"ADA"|"ADA"|"Cardano"|"-"|||"2020-07-24 09:17:43"
"1700"|"AE"|"AE"|"Aeternity"|"-"|||"2020-07-24 09:17:43"
"KYD"|"KYD"|"KYD"|"CAYMAN ISLANDS DOLLAR"|"ดอลลาร์ หมู่เกาะเคย์แมน"|||"2020-05-12 09:02:04"
"3"|"NMC"|"NMC"|"Namecoin"||||"2020-05-12 09:02:04"
"VEF"|"VEF"|"VEF"|"BOLIVAR FUERTE"|"โบลิวาร์"|||"2020-05-12 09:02:04"
"4705"|"PAXG"|"PAXG"|"PAX Gold"|"-"|||"2020-07-24 09:17:43"
"1807"|"SAN"|"SAN"|"Santiment Network Token"|"-"|||"2020-07-24 09:17:43"
"5482"|"CCXX"|"CCXX"|"Counos X"|"-"|||"2020-07-24 09:17:43"
"4067"|"CIX100"|"CIX100"|"Cryptoindex.com 100"|"-"|||"2020-07-24 09:17:43"
"KES"|"KES"|"KES"|"KENYAN SHILLING"|"ชิลลิง เคนยา"|||"2020-05-12 09:02:04"
"3053"|"YOU"|"YOU"|"YOU COIN"||||"2020-05-12 09:02:04"
"SBD"|"SBD"|"SBD"|"SOLOMON ISLANDS DOLLAR"|"ดอลลาร์ หมู่เกาะโซโลมอน"|||"2020-05-12 09:02:04"
"1817"|"VGX"|"VGX"|"Voyager Token"|"-"|||"2020-07-24 09:17:43"
"UFDA0000000124"|"LUNA2"||"Terra"|"-"|||"2022-09-28 14:05:09"
"UFDA0000000365"|"MNT2"|"MNT"|"Mantle"|"-"|||"2024-07-03 11:32:38"
"4747"|"VLX"|"VLX"|"Velas"|"-"|||"2020-07-24 09:17:43"
"UFDA0000000007"|"ELEC"|"ELEC"|"Electrify.Asia"|"อิเล็คทิฟายน์"|||"2021-08-18 14:51:13"
"UFDA0000000092"|"CTC"||"Creditcoin"|"-"|||"2021-12-30 15:16:51"
"3754"|"EVY"|"EVY"|"EveryCoin "|"-"|||"2020-07-24 09:17:43"
"2204"|"B2B"|"B2B"|"B2BX"|"-"|||"2020-07-24 09:17:43"
"1619"|"SKY"|"SKY"|"Skycoin"|"-"|||"2020-07-24 09:17:43"
"2071"|"REQ"|"REQ"|"Request"|"-"|||"2020-07-24 09:17:43"
"TMT"|"TMT"|"TMT"|"TURKMENISTAN NEW MANAT"|"มานาท เติร์กเมนิสถานใหม่"|||"2020-05-12 09:02:04"
"201"|"EMC2"|"EMC2"|"Einsteinium"|"-"|||"2020-07-24 09:17:43"
"1934"|"LRC"|"LRC"|"Loopring"|"-"|||"2020-07-24 09:17:43"
"UFDA0000000439"|"PHB"|"PHB"|"Phoenix"|"-"|||"2024-08-06 15:59:56"
"UFDA0000000507"|"USUAL"|"USUAL"|"USUAL"|"-"|||"2024-11-19 17:38:28"
"UFDA0000000078"|"UST"||"TerraUST"|"-"|||"2021-11-16 09:51:32"
"2599"|"NOAH"|"NOAH"|"Noah Coin"||||"2020-05-12 09:02:04"
"UFDA0000000004"|"IOTA [deprecated]"||"IOTA Foundation [deprecated]"|"ไอโอทีเอ"|||"2021-08-23 14:49:19"
"2608"|"MITH"|"MITH"|"Mithril"|"-"|||"2020-07-24 09:17:43"
"UFDA0000000486"|"TURBO"|"TURBO"|"Turbo"|"-"|||"2024-09-20 10:42:09"
"JMD"|"JMD"|"JMD"|"JAMAICAN DOLLAR"|"ดอลลาร์ จาเมกา"|||"2020-05-12 09:02:04"
"UFDA0000000390"|"RON2"|"RON2"|"RONIN"|"-"|||"2024-05-10 11:40:51"
"TTD"|"TTD"|"TTD"|"TRINIDAD AND TOBAGO DOLLAR"|"ดอลลาร์ ตรินิแดดและโตเบโก"|||"2020-05-12 09:02:04"
"2746"|"GRN"|"GRN"|"GreenPower"||||"2020-05-12 09:02:04"
"4846"|"KAVA"|"KAVA"|"Kava"|"-"|||"2020-07-24 09:17:43"
"2700"|"CEL"|"CEL"|"Celsius"|"-"|||"2020-07-24 09:17:43"
"GEL"|"GEL"|"GEL"|"LARI"|"ลารี"|||"2020-05-12 09:02:04"
"UFDA0000000328"|"TKX"||"TKX"|"-"|||"2023-07-18 11:54:32"
"UFDA0000000369"|"ETHFI"|"ETHFI"|"Ether.fi"|"-"|||"2024-04-18 09:46:48"
"ZMK"|"ZMK"|"ZMK"|"KWACHA"|"ควาซา แซมเบีย"|||"2020-05-12 09:02:04"
"UFDA0000000023"|"UNISWAP"|"UNI"|"Uniswap"|"-"|||"2021-08-18 15:44:58"
"XAF"|"XAF"|"XAF"|"CFA FRANC BEAC"|"ฟรังก์ ซีเอฟเอ บีอีเอซี"|||"2020-05-12 09:02:04"
"3437"|"ABBC"|"ABBC"|"ABBC Coin"|"-"|||"2020-07-24 09:17:43"
"3260"|"AMO"|"AMO"|"AMO Coin"|"-"|||"2020-07-24 09:17:43"
"3607"|"VEST"|"VEST"|"VestChain"|"-"|||"2020-07-24 09:17:43"
"4064"|"USDK"|"USDK"|"USDK"|"-"|||"2020-07-24 09:17:43"
"2896"|"MFT"|"MFT"|"Mainframe"|"-"|||"2020-07-24 09:17:43"
"RWF"|"RWF"|"RWF"|"RWANDA FRANC"|"ฟรังก์ รวันดา"|||"2020-05-12 09:02:04"
"SHP"|"SHP"|"SHP"|"ST. HELENA POUND"|"ปอนด์ เซนต์เฮเลนา"|||"2020-05-12 09:02:04"
"UFDA0000000076"|"ILV"||"Illuvium"|"-"|||"2021-11-05 15:18:20"
"UFDA0000000065"|"DYDX"||"DYDX"|"-"|||"2021-09-28 17:04:45"
"UFDA0000000368"|"ENA"|"ENA"|"Ethena-ENA"|"-"|||"2024-04-18 09:41:31"
"UFDA0000000131"|"LDO"||"Lido DAO"|"-"|||"2022-09-15 18:31:06"
"3985"|"OGO"|"OGO"|"Origo"|"-"|||"2020-07-24 09:17:43"
"CDF"|"CDF"|"CDF"|"FRANC CONGOLAIS"|"ฟรังก์ คองโก"|||"2020-05-12 09:02:04"
"UFDA0000000428"|"BEL"|"BEL"|"Bella Protocol"|"-"|||"2024-08-06 14:32:20"
"UFDA0000000364"|"LYX"|"LYX"|"LYX"|"-"|||"2024-04-03 11:18:45"
"LKR"|"LKR"|"LKR"|"SRI LANKA RUPEE"|"รูปี ศรีลังกา"|||"2020-05-12 09:02:04"
"TWD"|"TWD"|"TWD"|"NEW TAIWAN DOLLAR"|"ดอลลาร์ ไต้หวัน"|||"2020-05-12 09:02:04"
"1903"|"HC"|"HC"|"HyperCash"|"-"|||"2020-07-24 09:17:43"
"UGX"|"UGX"|"UGX"|"UGANDA SHILLING"|"ชิลลิง ยูกันดา"|||"2020-05-12 09:02:04"
"3911"|"OCEAN"|"OCEAN"|"Ocean Protocol"|"-"|||"2020-07-24 09:17:43"
"1004"|"HNC"|"HNC"|"Hellenic Coin"|"-"|||"2020-07-24 09:17:43"
"2644"|"EOSDAC"|"EOSDAC"|"eosDAC"||||"2020-05-12 09:02:04"
"2276"|"IGNIS"|"IGNIS"|"Ignis"|"-"|||"2020-07-24 09:17:43"
"TZS"|"TZS"|"TZS"|"TANZANIAN SHILLING"|"ชิลลิง แทนซาเนีย"|||"2020-05-12 09:02:04"
"5567"|"CELO"|"CELO"|"Celo"|"-"|||"2020-07-24 09:17:43"
"4078"|"SERO"|"SERO"|"Super Zero"|"Super Zero"|||"2021-08-18 09:58:39"
"693"|"XVG"|"XVG"|"Verge"|"-"|||"2020-07-24 09:17:43"
"1925"|"WTC"|"WTC"|"Waltonchain"|"-"|||"2020-07-24 09:17:43"
"4431"|"VIDY"|"VIDY"|"VIDY"|"-"|||"2020-07-24 09:17:43"
"2132"|"POWR"|"POWR"|"Power Ledger"|"-"|||"2020-07-24 09:17:43"
"UFDA0000000459"|"SYN"|"SYN"|"Synapse"|"-"|||"2024-08-30 13:28:24"
"UFDA0000000127"|"OGV"||"Origin Dollar Governance"|"-"|||"2022-08-18 19:52:46"
"UFDA0000000345"|"ONDO"|"ONDO"|"ONDO"|"-"|||"2024-02-14 16:35:56"
"UFDA0000000340"|"SPELL"|"SPELL"|"SPELL"|"-"|||"2024-01-12 17:03:51"
"UFDA0000000535"|"BERA"|"BERA"|"Berachain"|"-"|||"2025-02-10 13:27:44"
"UFDA0000000458"|"WING"|"WING"|"Wing Finance"|"-"|||"2024-08-30 13:25:21"
"1966"|"MANA"|"MANA"|"Decentraland"|"-"|||"2020-07-24 09:17:43"
"3701"|"RIF"|"RIF"|"RSK Infrastructure Framework"|"-"|||"2020-07-24 09:17:43"
"258"|"GRS"|"GRS"|"Groestlcoin"|"-"|||"2020-07-24 09:17:43"
"UFDA0000000117"|"MC"|"MC"|"Merit Circle"|"-"|||"2022-03-09 11:23:05"
"4642"|"HBAR"|"HBAR"|"Hedera Hashgraph"|"-"|||"2020-07-24 09:17:43"
"4041"|"MX"|"MX"|"MX Token"|"-"|||"2020-07-24 09:17:43"
"UFDA0000000044"|"CAKE"|"CAKE"|"PancakeSwap"|"-"|||"2021-08-18 14:43:52"
"MKD"|"MKD"|"MKD"|"DENAR"|"ดีนาร์ มาซิโดเนีย"|||"2020-05-12 09:02:04"
"UFDA0000000493"|"USDS"|"USDS"|"USDS"|"-"|||"2024-10-09 14:32:55"
"UFDA0000000355"|"OSMO"|"OSMO"|"Osmosis"|"ออสโมซิส"|||"2024-03-13 14:30:46"
"2455"|"PRS"|"PRS"|"PressOne"||||"2020-05-12 09:02:04"
"MMK"|"MMK"|"MMK"|"KYAT"|"จัต"|||"2020-05-12 09:02:04"
"UFDA0000000528"|"USDCE"|"USDCE"|"USD Coin Bridged"|"-"|||"2025-01-15 11:23:49"
"NAD"|"NAD"|"NAD"|"NAMIBIA DOLLAR"|"ดอลลาร์ นามิเบีย"|||"2020-05-12 09:02:04"
"3356"|"TMTG"|"TMTG"|"The Midas Touch Gold"|"-"|||"2020-07-24 09:17:43"
"4105"|"XCM"|"XCM"|"CoinMetro Token"|"-"|||"2020-07-24 09:17:43"
"3928"|"IDEX"|"IDEX"|"IDEX"|"-"|||"2020-07-24 09:17:43"
"3721"|"HPT"|"HPT"|"Huobi Pool Token"|"-"|||"2020-07-24 09:17:43"
"UFDA0000000469"|"SANTOS"|"SANTOS"|"Santos FC Fan Token"|"-"|||"2024-08-30 13:55:36"
"2"|"LTC"|"LTC"|"Litecoin"|"-"|||"2020-07-24 09:17:43"
"UFDA0000000310"|"NAP"|"NAP"|"Napoli Fan Token"|"-"|||"2023-01-12 09:41:40"
"UFDA0000000491"|"ORDER"|"ORDER"|"Orderly Network "|"-"|||"2024-10-07 10:25:58"
"1974"|"PRO"|"PRO"|"Propy"|"-"|||"2020-07-24 09:17:43"
"3695"|"HYN"|"HYN"|"Hyperion"|"-"|||"2020-07-24 09:17:43"
"UFDA0000000013"|"NEAR"|"NEAR"|"NEAR Protocol"|"เอ็นอีเออาร์"|||"2021-08-18 15:27:51"
"4280"|"TSHP"|"TSHP"|"12Ships"|"-"|||"2020-07-24 09:17:43"
"3992"|"COTI"|"COTI"|"COTI"|"-"|||"2020-07-24 09:17:43"
"GIP"|"GIP"|"GIP"|"GIBRALTAR POUND"|"ปอนด์ ยิบรอลตาร์"|||"2020-05-12 09:02:04"
"1706"|"ADK"|"ADK"|"Aidos Kuneen"|"-"|||"2020-07-24 09:17:43"
"KWD"|"KWD"|"KWD"|"KUWAITI DINAR"|"ดีนาร์ คูเวต"|||"2020-05-12 09:02:04"
"UFDA0000000534"|"AUSD"|"AUSD"|"AUSD"|"-"|||"2025-02-04 10:14:35"
"UFDA0000000477"|"TKO"|"TKO"|"Tokocrypto"|"-"|||"2024-08-30 14:18:39"
"4120"|"PROM"|"PROM"|"Prometeus"|"-"|||"2020-07-24 09:17:43"
"67"|"UNO"|"UNO"|"Unobtanium"|"-"|||"2020-07-24 09:17:43"
"UFDA0000000518"|"1000CAT"|"CAT"|"Simon's Cat"|"-"|||"2024-12-26 17:08:49"
"4079"|"SLV"|"SLV"|"Silverway"||||"2020-05-12 09:02:04"
"UFDA0000000058"|"XSGD"|"XSGD"|"XSGD"|"-"|||"2021-08-31 09:11:23"
"4430"|"VNXLU"|"VNXLU"|"VNX Exchange"|"-"|||"2020-07-24 09:17:43"
"LAK"|"LAK"|"LAK"|"KIP"|"กีบ"|||"2020-05-12 09:02:04"
"UFDA0000000520"|"SOLV"|"SOLV"|"Solv Protocol"|"โซล์ โปรโทคอล"|||"2025-01-14 09:55:40"
"2634"|"XDCE"|"XDCE"|"XinFin Network"|"-"|||"2020-07-24 09:17:43"
"1826"|"PART"|"PART"|"Particl"||||"2020-05-12 09:02:04"
"5268"|"EWT"|"EWT"|"Energy Web Token"|"-"|||"2020-07-24 09:17:43"
"3367"|"CRD"|"CRD"|"CryptalDash"|"-"|||"2020-07-24 09:17:43"
"5370"|"HIVE"|"HIVE"|"Hive"|"-"|||"2020-07-24 09:17:43"
"2099"|"ICX"|"ICX"|"ICON"|"-"|||"2020-07-24 09:17:43"
"UFDA0000000026"|"SCRT"|"SCRT"|"Secret"|"เอสซีอาร์ที"|||"2021-08-18 15:41:32"
"USN"|"USN"|"USN"|"US DOLLAR, NEXT DAY FUNDS"|"ดอลลาร์ สหรัฐอเมริกา เน็กซ์เดย์ฟัน"|||"2020-05-12 09:02:04"
"52"|"XRP"|"XRP"|"XRP"|"-"|||"2020-07-24 09:17:43"
"3795"|"ZEON"|"ZEON"|"ZEON"|"-"|||"2020-07-24 09:17:43"
"3415"|"BCZERO"|"BCZERO"|"Buggyra Coin Zero"|"-"|||"2020-07-24 09:17:43"
"UFDA0000000405"|"LISTA"|"LISTA"|"Lista DAO"|"-"|||"2024-06-21 15:32:20"
"UFDA0000000133"|"ETHF"||"EthereumFair"|"-"|||"2022-09-28 10:48:17"
"UFDA0000000492"|"SKY2"|"SKY2"|"SKY2"|"-"|||"2024-10-09 14:27:48"
"2572"|"BAX"|"BAX"|"BABB"||||"2020-05-12 09:02:04"
"1923"|"TNT"|"TNT"|"Tierion"|"-"|||"2020-07-24 09:17:43"
"1042"|"SC"|"SC"|"Siacoin"|"-"|||"2020-07-24 09:17:43"
"UFDA0000000502"|"GOAT"|"GOAT"|"Goatseus Maximus"|"-"|||"2024-11-08 11:36:16"
"3822"|"TFUEL"|"TFUEL"|"Theta Fuel"|"-"|||"2020-07-24 09:17:43"
"UFDA0000000074"|"EGLD"||"Elrond"|"-"|||"2021-11-05 15:15:27"
"UFDA0000000417"|"TON"|"TON"|"Ton Coin "|"-"|||"2024-07-05 09:30:13"
"UFDA0000000504"|"CETUS"|"CETUS"|"CETUS"|"-"|||"2024-11-15 11:21:42"
"UFDA0000000533"|"PEAQ"|"PEAQ"|"peaq"|"-"|||"2025-02-04 10:09:02"
"UFDA0000000311"|"ASTR"||"ASTAR"|"-"|||"2023-02-13 13:58:03"
"2243"|"DRGN"|"DRGN"|"Dragonchain"|"-"|||"2020-07-24 09:17:43"
"UFDA0000000082"|"SGB"||"SGB Songbird"|"-"|||"2021-12-02 16:30:44"
"3701"|"RIF"|"RIF"|"RIF Token"|"RIF Token"|||"2021-08-18 09:49:38"
"UFDA0000000431"|"HIGH"|"HIGH"|"Highstreet"|"-"|||"2024-08-06 14:51:12"
"UFDA0000000478"|"FIS"|"FIS"|"Stafi"|"-"|||"2024-08-30 14:22:13"
"2349"|"XIN"|"XIN"|"Mixin"|"-"|||"2020-07-24 09:17:43"
"3306"|"GUSD"|"GUSD"|"Gemini Dollar"|"-"|||"2020-07-24 09:17:43"
"4279"|"SXP"|"SXP"|"Swipe"|"-"|||"2020-07-24 09:17:43"
"3667"|"AWC"|"AWC"|"Atomic Wallet Coin"|"-"|||"2020-07-24 09:17:43"
"3628"|"MXC"|"MXC"|"MXC"|"-"|||"2020-07-24 09:17:43"
"UFDA0000000343"|"TWT"|"TWT"|"Trust Wallet Token"|"-"|||"2024-03-13 16:02:17"
"3147"|"HYC"|"HYC"|"HYCON"|"-"|||"2020-07-24 09:17:43"
"TRY"|"TRY"|"TRY"|"TURKISH LIRA (NEW)"|"ลีร์ ตุรกี"|||"2020-05-12 09:02:04"
"SAR"|"SAR"|"SAR"|"SAUDI RIYAL"|"ริยัล ซาอุดีอาระเบีย"|||"2020-05-12 09:02:04"
"2235"|"TNB"|"TNB"|"Time New Bank"|"-"|||"2020-07-24 09:17:43"
"SCR"|"SCR"|"SCR"|"SEYCHELLES RUPEE"|"รูปี เซเชลส์"|||"2020-05-12 09:02:04"
"4189"|"UOS"|"UOS"|"Ultra"|"-"|||"2020-07-24 09:17:43"
"5115"|"KRT"|"KRT"|"TerraKRW"|"-"|||"2020-07-24 09:17:43"
"2610"|"PCL"|"PCL"|"Peculium"||||"2020-05-12 09:02:04"
"4005"|"TRAT"|"TRAT"|"Tratin"|"-"|||"2020-07-24 09:17:43"
"2907"|"KBC"|"KBC"|"Karatgold Coin"|"-"|||"2020-07-24 09:17:43"
"1954"|"MDA"|"MDA"|"Moeda Loyalty Points"|"-"|||"2020-07-24 09:17:43"
"1816"|"CVC"|"CVC"|"Civic"|"-"|||"2020-07-24 09:17:43"
"4066"|"CHZ"|"CHZ"|"Chiliz"|"-"|||"2020-07-24 09:17:43"
"4862"|"DAD"|"DAD"|"DAD"|"-"|||"2020-07-24 09:17:43"
"5299"|"HDAO"|"HDAO"|"HyperDAO"|"-"|||"2020-07-24 09:17:43"
"UFDA0000000529"|"WBNB"|"WBNB"|"Wrapped BNB"|"-"|||"2025-01-15 11:26:19"
"3968"|"EUM"|"EUM"|"Elitium"|"-"|||"2020-07-24 09:17:43"
"MAD"|"MAD"|"MAD"|"MOROCCAN DIRHAM"|"ดีแรห์ม โมร็อกโก"|||"2020-05-12 09:02:04"
"UFDA0000000490"|"LM"|"LM"|"LeisureMeta"|"-"|||"2024-10-07 10:17:28"
"3814"|"CELR"|"CELR"|"Celer Network"|"-"|||"2020-07-24 09:17:43"
"2772"|"DGTX"|"DGTX"|"Digitex Futures"|"-"|||"2020-07-24 09:17:43"
"UFDA0000000424"|"CFX"|"CFX"|"Conflux Network"|"-"|||"2024-08-06 14:21:00"
"2885"|"EGT"|"EGT"|"Egretia"||||"2020-05-12 09:02:04"
"4967"|"JUL"|"JUL"|"Joule"|"-"|||"2020-07-24 09:17:43"
"UFDA0000000515"|"VANA"|"VANA"|"Nirvana"|"-"|||"2024-12-23 13:28:15"
"UFDA0000000010"|"EDG"|"EDG"|"Edgeware"|"อีดีจี"|||"2021-08-18 14:50:46"
"4748"|"EON"|"EON"|"Dimension Chain"|"-"|||"2020-07-24 09:17:43"
"5796"|"BPC"|"BPC"|"BeautyPayCoin"|"-"|||"2020-07-24 09:17:43"
"3115"|"MXM"|"MXM"|"Maximine Coin"||||"2020-05-12 09:02:04"
"JOD"|"JOD"|"JOD"|"JORDANIAN DINAR"|"ดอลลาร์ จอร์แดน"|||"2020-05-12 09:02:04"
"5277"|"SNB"|"SNB"|"SynchroBitcoin"|"-"|||"2020-07-24 09:17:43"
"3920"|"DPT"|"DPT"|"Diamond Platform Token"||||"2020-05-12 09:02:04"
"2143"|"DATA"|"DATA"|"Streamr"|"-"|||"2020-07-24 09:17:43"
"UFDA0000000395"|"JTO"|"JTO"|"Jito"|"-"|||"2024-06-06 10:37:07"
"MXN"|"MXN"|"MXN"|"MEXICAN PESO"|"เปโซ เม็กซิโก"|||"2020-05-12 09:02:04"
"268"|"XWC"|"XWC"|"WhiteCoin"|"-"|||"2020-07-24 09:17:43"
"1"|"BTC"|"BTC"|"Bitcoin"|"-"|||"2020-07-24 09:17:43"
"3052"|"GOC"|"GOC"|"GoCrypto Token"||||"2020-05-12 09:02:04"
"5864"|"YFI"|"YFI"|"yearn.finance"|"-"|||"2020-07-24 09:17:43"
"BOB"|"BOB"|"BOB"|"BOLIVIANO"|"โบลีเวียโน"|||"2020-05-12 09:02:04"
"2868"|"DAG"|"DAG"|"Constellation"|"-"|||"2020-07-24 09:17:43"
"UFDA0000000443"|"SCROLL"|"SCROLL"|"Scroll"|"-"|||"2024-08-06 16:17:45"
"2320"|"UTK"|"UTK"|"Utrust"|"-"|||"2020-07-24 09:17:43"
"UFDA0000000375"|"ARKM"|"ARKM"|"Arkham"|"-"|||"2024-05-02 15:30:53"
"UFDA0000000097"|"CVX"||"Convex Finance CVX"|"-"|||"2022-01-13 10:50:54"
"2553"|"RFR"|"RFR"|"Refereum"||||"2020-05-12 09:02:04"
"UFDA0000000038"|"SAND"|"SAND"|"The Sandbox"|"-"|||"2021-08-18 15:41:09"
"UFDA0000000485"|"NEIRO"|"NEIRO"|"First Neiro on Ethereum"|"-"|||"2024-09-20 10:35:55"
"CUP"|"CUP"|"CUP"|"CUBAN PESO"|"เปโซ คิวบา"|||"2020-05-12 09:02:04"
"GNF"|"GNF"|"GNF"|"GUINEA FRANC"|"ฟรังก์ กินี"|||"2020-05-12 09:02:04"
"5524"|"TNC"|"TNC"|"TNC Coin"|"-"|||"2020-07-24 09:17:43"
"UFDA0000000418"|"BLAST"|"BLAST"|"Blast"|"-"|||"2024-07-11 10:28:23"
"PGK"|"PGK"|"PGK"|"KINA"|"คีนา"|||"2020-05-12 09:02:04"
"UFDA0000000457"|"BICO"|"BICO"|"Biconomy"|"-"|||"2024-08-30 13:22:45"
"2096"|"RCN"|"RCN"|"Ripio Credit Network"|"-"|||"2020-07-24 09:17:43"
"HUF"|"HUF"|"HUF"|"FORINT"|"ฟอรินท์"|||"2020-05-12 09:02:04"
"2620"|"SWTH"|"SWTH"|"Switcheo"|"-"|||"2020-07-24 09:17:43"
"UFDA0000000016"|"C8P"||"C8P"|"ซีแปดพี"|||"2020-10-26 15:58:34"
"1475"|"INCNT"|"INCNT"|"Incent"||||"2020-05-12 09:02:04"
"2273"|"UQC"|"UQC"|"Uquid Coin"|"-"|||"2020-07-24 09:17:43"
"5009"|"LST"|"LST"|"LuckySevenToken"||||"2020-05-12 09:02:04"
"UFDA0000000060"|"AFIN"||"AFIN"|"-"|||"2021-10-18 10:14:21"
"3325"|"ROX"|"ROX"|"Robotina"||||"2020-05-12 09:02:04"
"UFDA0000000500"|"DBR"|"DBR"|"deBridge"|"-"|||"2024-11-08 10:17:11"
"UFDA0000000073"|"NU"||"NuCypher"|"-"|||"2021-11-02 10:15:19"
"2499"|"CHSB"|"CHSB"|"SwissBorg"|"-"|||"2020-07-24 09:17:43"
"UFDA0000000105"|"TLM"||"TLM"|"-"|||"2022-03-02 11:50:47"
"2398"|"KEY"|"KEY"|"Selfkey"||||"2020-05-12 09:02:04"
"UFDA0000000324"|"SUI"||"SUI"|"-"|||"2023-07-18 11:57:35"
"UFDA0000000447"|"BADGER"|"BADGER"|"Badger DAO"|"-"|||"2024-08-06 16:48:51"
"5075"|"EGR"|"EGR"|"Egoras"|"-"|||"2020-07-24 09:17:43"
"SDG"|"SDG"|"SDG"|"SUDANESE POUND"|"ปอนด์ ซูดาน"|||"2020-05-12 09:02:04"
"2642"|"CVT"|"CVT"|"CyberVein"|"-"|||"2020-07-24 09:17:43"
"328"|"XMR"|"XMR"|"Monero"|"-"|||"2020-07-24 09:17:43"
"2930"|"IQ"|"IQ"|"Everipedia"|"-"|||"2020-07-24 09:17:43"
"4694"|"GAP"|"GAP"|"GAPS"||||"2020-05-12 09:02:04"
"UFDA0000000099"|"CROWN"|"CWT"|"CROWN"|"-"|||"2022-01-14 18:55:26"
"4075"|"XCHF"|"XCHF"|"CryptoFranc"||||"2020-05-12 09:02:04"
"1586"|"ARK"|"ARK"|"Ark"|"-"|||"2020-07-24 09:17:43"
"1343"|"STRAT"|"STRAT"|"Stratis"|"-"|||"2024-06-17 17:31:16"
"3344"|"ECOREAL"|"ECOREAL"|"Ecoreal Estate"|"-"|||"2020-07-24 09:17:43"
"4217"|"BOA"|"BOA"|"BOSAGORA"|"-"|||"2020-07-24 09:17:43"
"4197"|"SHR"|"SHR"|"ShareToken"|"-"|||"2020-07-24 09:17:43"
"NGN"|"NGN"|"NGN"|"NAIRA"|"ไนรา"|||"2020-05-12 09:02:04"
"4953"|"FCT"|"FCT"|"FirmaChain"|"-"|||"2020-07-24 09:17:43"
"2505"|"BLZ"|"BLZ"|"Bluzelle"|"-"|||"2020-07-24 09:17:43"
"1758"|"PAY"|"PAY"|"TenX"|"-"|||"2020-07-24 09:17:43"
"2840"|"QKC"|"QKC"|"QuarkChain"|"-"|||"2020-07-24 09:17:43"
"UYU"|"UYU"|"UYU"|"PESO URUGUAYO"|"เปโซ อุรุกวัย"|||"2020-05-12 09:02:04"
"4113"|"UNI"|"UNI"|"UNI COIN"|"-"|||"2020-07-24 09:17:43"
"UFDA0000000070"|"GOGO"||"GOGO.finance"|"-"|||"2021-10-29 18:37:32"
"UFDA0000000409"|"BB"|"BB"|"Bouncebit"|"-"|||"2024-06-21 15:47:52"
"IDR"|"IDR"|"IDR"|"RUPIAH"|"รูเปีย"|||"2020-05-12 09:02:04"
"UFDA0000000312"|"BLUR"||"BLUR"|"-"|||"2023-02-17 18:09:24"
"4157"|"RUNE"|"RUNE"|"THORChain"|"-"|||"2020-07-24 09:17:43"
"UFDA0000000532"|"MODE"|"MODE"|"Mode"|"-"|||"2025-02-04 09:56:58"
"UFDA0000000048"|"SRM"|"SRM"|"Serum"|"-"|||"2021-08-18 15:43:42"
"66"|"NXT"|"NXT"|"Nxt"|"-"|||"2020-07-24 09:17:43"
"UFDA0000000081"|"BOBA"||"BOBA"|"-"|||"2021-11-26 09:21:12"
"3134"|"XET"|"XET"|"ETERNAL TOKEN"||||"2020-05-12 09:02:04"
"1768"|"ADX"|"ADX"|"AdEx"|"-"|||"2020-07-24 09:17:43"
"4191"|"NOIA"|"NOIA"|"NOIA Network"|"-"|||"2020-07-24 09:17:43"
"3709"|"GRIN"|"GRIN"|"Grin"|"-"|||"2020-07-24 09:17:43"
"1789"|"PPT"|"PPT"|"Populous"|"-"|||"2020-07-24 09:17:43"
"UFDA0000000482"|"DODO"|"DODO"|"DODO"|"-"|||"2024-08-30 14:34:33"
"2606"|"WAN"|"WAN"|"Wanchain"|"-"|||"2020-07-24 09:17:43"
"UFDA0000000332"|"GMX"||"GMX"|"-"|||"2023-08-24 14:15:09"
"UFDA0000000066"|"XEC"|"XEC"|"eCash"|"-"|||"2021-09-30 10:34:23"
"109"|"DGB"|"DGB"|"DigiByte"|"-"|||"2020-07-24 09:17:43"
"463"|"BTS"|"BTS"|"BitShares"|"-"|||"2020-07-24 09:17:43"
"1937"|"POE"|"POE"|"Po.et"||||"2020-05-12 09:02:04"
"PHP"|"PHP"|"PHP"|"PHILIPPINE PESO"|"เปโซ ฟิลิปปินส์"|||"2020-05-12 09:02:04"
"UFDA0000000027"|"ALPHA"|"ALPHA"|"Alpha Finance Lab"|"อัลฟ่า"|||"2021-08-18 14:42:22"
"3850"|"OTO"|"OTO"|"OTOCASH"||||"2020-05-12 09:02:04"
"4039"|"ARPA"|"ARPA"|"ARPA Chain"|"-"|||"2020-07-24 09:17:43"
"2403"|"MOAC"|"MOAC"|"MOAC"||||"2020-05-12 09:02:04"
"5350"|"XPR"|"XPR"|"Proton"|"-"|||"2020-07-24 09:17:43"
"5471"|"GHOST"|"GHOST"|"GHOST"|"-"|||"2020-07-24 09:17:43"
"LSL"|"LSL"|"LSL"|"LOTI"|"โลตี"|||"2020-05-12 09:02:04"
"LTL"|"LTL"|"LTL"|"LITHUANIAN LITAS"|"ลีทาส ลิทัวเนีย"|||"2020-05-12 09:02:04"
"2297"|"STORM"|"STORM"|"Storm"|"Storm"|||"2021-08-18 09:50:42"
"5026"|"OXT"|"OXT"|"Orchid"|"-"|||"2020-07-24 09:17:43"
"NIO"|"NIO"|"NIO"|"CORDOBA ORO"|"คอร์โดบา"|||"2020-05-12 09:02:04"
"1808"|"OMG"|"OMG"|"OMG Network"|"-"|||"2020-07-24 09:17:43"
"UFDA0000000367"|"ZENT"||"ZENTRY"|"-"|||"2024-07-01 13:56:25"
"2927"|"SUSD"|"SUSD"|"sUSD"|"-"|||"2020-07-24 09:17:43"
"2473"|"SOC"|"SOC"|"All Sports"||||"2020-05-12 09:02:04"
"UFDA0000000079"|"AR"||"Arweave"|"-"|||"2021-11-16 09:52:21"
"UFDA0000000401"|"OAS"|"OAS"|"OAS Oasys"|"-"|||"2024-06-20 10:30:19"
"UFDA0000000126"|"GAL"||"Project Galaxy GAL"|"-"|||"2022-06-17 12:20:50"
"UFDA0000000300"|"STRAX"||"Stratis"|"-"|||"2024-06-17 17:34:05"
"UYI"|"UYI"|"UYI"|"URUGUAY PESO EN UNDIDADES INDEXADAS"|"อุรุกวัย เปโซ เอ็น อุนดิดาเดซ  อินเด็กซาดาซ"|||"2020-05-12 09:02:04"
"UFDA0000000129"|"AGLD"||"Adventure Gold"|"-"|||"2022-08-18 19:54:30"
"UFDA0000000028"|"CRV"|"CRV"|"Curve DAO Token"|"ซีอาร์วี"|||"2021-08-18 14:46:42"
"1757"|"FUN"|"FUN"|"FunToken"|"-"|||"2024-02-14 16:17:27"
"UFDA0000000122"|"Radicle"|"RAD"|"Radicle-RAD"|"-"|||"2022-04-04 14:21:08"
"INR"|"INR"|"INR"|"INDIAN RUPEE"|"รูปี อินเดีย"|||"2020-05-12 09:02:04"
"5068"|"USDN"|"USDN"|"Neutrino Dollar"|"-"|||"2020-07-24 09:17:43"
"2780"|"NKN"|"NKN"|"NKN"|"-"|||"2020-07-24 09:17:43"
"UFDA0000000348"|"ORN"|"ORN"|"Orion"|"-"|||"2024-02-14 15:35:30"
"UFDA0000000022"|"DPI"|"DPI"|"DeFi Pulse Index"|"-"|||"2021-08-18 14:50:12"
"1710"|"VERI"|"VERI"|"Veritaseum"|"-"|||"2020-07-24 09:17:43"
"UFDA0000000320"|"BabyDoge"||"Baby Doge Coin"|"-"|||"2023-04-27 17:10:35"
"3794"|"ATOM"|"ATOM"|"Cosmos"|"-"|||"2020-07-24 09:17:43"
"UFDA0000000448"|"Zircuit"|"Zircuit"|"Zircuit"|"-"|||"2024-08-06 17:48:08"
"5336"|"HMR"|"HMR"|"Homeros"|"-"|||"2020-07-24 09:17:43"
"CVE"|"CVE"|"CVE"|"CAPE VERDE ESCUDO"|"เอสคูโด เคปเวิร์ด"|||"2020-05-12 09:02:04"
"NZD"|"NZD"|"NZD"|"NEW ZEALAND DOLLAR"|"ดอลลาร์ นิวซีแลนด์"|||"2020-05-12 09:02:04"
"2503"|"DMT"|"DMT"|"DMarket"|"-"|||"2020-07-24 09:17:43"
"3702"|"BEAM"|"BEAM"|"Beam"|"-"|||"2020-07-24 09:17:43"
"470"|"VIA"|"VIA"|"Viacoin"||||"2020-05-12 09:02:04"
"3154"|"DAC"|"DAC"|"Davinci Coin"|"-"|||"2020-07-24 09:17:43"
"74"|"DOGE"|"DOGE"|"Dogecoin"|"-"|||"2020-07-24 09:17:43"
"UFDA0000000525"|"REEF"|"REEF"|"Reef"|"-"|||"2025-01-15 10:50:05"
"MWK"|"MWK"|"MWK"|"KWACHA"|"ควาซา มาลาวี"|||"2020-05-12 09:02:04"
"XAU"|"XAU"|"XAU"|"GOLD"|"ทองคำ"|||"2020-05-12 09:02:04"
"4086"|"ERD"|"ERD"|"Elrond"|"-"|||"2021-12-07 13:43:39"
"UFDA0000000119"|"RNDR"|"RNDR"|"RENDER"|"-"|||"2024-07-10 16:07:13"
"YER"|"YER"|"YER"|"YEMENI RIAL"|"เรียล เยเมน"|||"2020-05-12 09:02:04"
"3788"|"NET"|"NET"|"NEXT"|"-"|||"2020-07-24 09:17:43"
"2682"|"HOT"|"HOT"|"Holo"|"-"|||"2020-07-24 09:17:43"
"1567"|"NANO"|"NANO"|"Nano"|"-"|||"2020-07-24 09:17:43"
"2530"|"FSN"|"FSN"|"Fusion"|"-"|||"2020-07-24 09:17:43"
"UFDA0000000327"|"WOO"||"WOO Network"|"-"|||"2023-07-18 11:54:24"
"MRO"|"MRO"|"MRO"|"OUGUIYA"|"อูกุยยา / อูกียา"|||"2020-05-12 09:02:04"
"2447"|"CRPT"|"CRPT"|"Crypterium"|"-"|||"2020-07-24 09:17:43"
"5072"|"RKN"|"RKN"|"Rakon"|"-"|||"2020-07-24 09:17:43"
"3839"|"XRC"|"XRC"|"Bitcoin Rhodium"||||"2020-05-12 09:02:04"
"AFN"|"AFN"|"AFN"|"AFGHANI"|"อัฟกานิ"|||"2020-05-12 09:02:04"
"UFDA0000000086"|"YGG"||"YGG"|"-"|||"2021-12-03 17:04:03"
"2416"|"THETA"|"THETA"|"THETA"|"-"|||"2020-07-24 09:17:43"
"3945"|"ONE"|"ONE"|"Harmony"|"-"|||"2020-07-24 09:17:43"
"1087"|"FCT"|"FCT"|"Factom"|"-"|||"2020-07-24 09:17:43"
"4469"|"MB"|"MB"|"MineBee"||||"2020-05-12 09:02:04"
"TOP"|"TOP"|"TOP"|"PA'ANGA"|"พาอานกา"|||"2020-05-12 09:02:04"
"UFDA0000000321"|"LQTY"||"Liquity"|"-"|||"2023-05-08 08:57:29"
"UFDA0000000530"|"TRUMP"|"TRUMP"|"TRUMP OFFICIAL"|"+-"|||"2025-01-22 16:12:39"
"2135"|"R"|"R"|"Revain"||||"2020-05-12 09:02:04"
"5328"|"WOM"|"WOM"|"WOM Protocol"|"-"|||"2020-07-24 09:17:43"
"3224"|"QBIT"|"QBIT"|"Qubitica"|"-"|||"2020-07-24 09:17:43"
"BHD"|"BHD"|"BHD"|"BAHRAINI DINAR"|"ดีนาร์ บาห์เรน"|||"2020-05-12 09:02:04"
"UFDA0000000102"|"T"||"T"|"-"|||"2022-03-02 11:43:56"
"4056"|"AMPL"|"AMPL"|"Ampleforth"|"-"|||"2020-07-24 09:17:43"
"UFDA0000000384"|"XAI"|"XAI"|"Xai"|"-"|||"2024-05-02 17:14:00"
"UFDA0000000461"|"OG"|"OG"|"OG Fan Token"|"-"|||"2024-08-30 13:36:26"
"873"|"XEM"|"XEM"|"NEM"|"-"|||"2020-07-24 09:17:43"
"UFDA0000000130"|"GMT"||"STEPN"|"-"|||"2022-08-18 19:55:45"
"STD"|"STD"|"STD"|"DOBRA"|"โดบรา"|||"2020-05-12 09:02:04"
"4268"|"NYE"|"NYE"|"NewYork Exchange"|"-"|||"2020-07-24 09:17:43"
"UFDA0000000393"|"TAO"|"TAO"|"Bittensor"|"-"|||"2024-06-06 10:28:03"
"UFDA0000000510"|"THE"|"THE"|"Thena"|"-"|||"2024-12-03 16:22:12"
"UFDA0000000403"|"SPEC"|"SPEC"|"Spectral - SPEC"|"-"|||"2024-06-20 14:23:04"
"UFDA0000000374"|"POND"|"POND"|"Marlin"|"-"|||"2024-04-29 10:27:23"
"1784"|"PLBT"|"PLBT"|"Polybius"||||"2020-05-12 09:02:04"
"3812"|"FXC"|"FXC"|"Flexacoin"|"-"|||"2020-07-24 09:17:43"
"2990"|"EXMR"|"EXMR"|"EXMR FDN"||||"2020-05-12 09:02:04"
"UFDA0000000123"|"Plearn"||"PLN Plearn"|"-"|||"2022-05-27 14:38:28"
"MZN"|"MZN"|"MZN"|"MOZAMBIQUE METICAL"|"เมททิคัล โมซัมบิก"|||"2020-05-12 09:02:04"
"5626"|"KDAG"|"KDAG"|"King DAG"|"-"|||"2020-07-24 09:17:43"
"UFDA0000000423"|"REI"|"REI"|"REI NETWORK"|"-"|||"2024-08-06 14:17:54"
"2900"|"PAI"|"PAI"|"Project Pai"|"-"|||"2020-07-24 09:17:43"
"118"|"RDD"|"RDD"|"ReddCoin"|"-"|||"2020-07-24 09:17:43"
"4182"|"GMAT"|"GMAT"|"GoWithMi"||||"2020-05-12 09:02:04"
"3918"|"SAFE"|"SAFE"|"Safe"|"-"|||"2020-07-24 09:17:43"
"2605"|"BFT"|"BFT"|"BnkToTheFuture"||||"2020-05-12 09:02:04"
"3418"|"META"|"META"|"Metadium"|"-"|||"2020-07-24 09:17:43"
"4679"|"BAND"|"BAND"|"Band Protocol"|"-"|||"2020-07-24 09:17:43"
"2181"|"GVT"|"GVT"|"Genesis Vision"||||"2020-05-12 09:02:04"
"3858"|"FNB"|"FNB"|"FNB Protocol"||||"2020-05-12 09:02:04"
"GYD"|"GYD"|"GYD"|"GUYANA DOLLAR"|"ดอลลาร์ กายอานา"|||"2020-05-12 09:02:04"
"4269"|"GT"|"GT"|"Gatechain Token"|"-"|||"2020-07-24 09:17:43"
"2665"|"DERO"|"DERO"|"Dero"|"-"|||"2020-07-24 09:17:43"
"UFDA0000000071"|"YLDY"||"YLDY"|"-"|||"2021-10-29 18:38:36"
"UFDA0000000425"|"FLM"|"FLM"|"Flamingo"|"-"|||"2024-08-06 14:25:02"
"1376"|"NEO"|"NEO"|"Neo"|"-"|||"2020-07-24 09:17:43"
"BBD"|"BBD"|"BBD"|"BARBADOS DOLLAR"|"ดอลลาร์ บาร์เบโดส"|||"2020-05-12 09:02:04"
"2638"|"CTXC"|"CTXC"|"Cortex"|"-"|||"2020-07-24 09:17:43"
"AED"|"AED"|"AED"|"UAE DIRHAM"|"ดีแรห์ม สหรัฐอาหรับเอมิเรตส์"|||"2020-05-12 09:02:04"
"SYP"|"SYP"|"SYP"|"SYRIAN POUND"|"ปอนด์ ซีเรีย"|||"2020-05-12 09:02:04"
"UFDA0000000415"|"KLY"|"KLY"|"Klayr - KLY"|"-"|||"2024-06-27 11:25:44"
"4365"|"STREAM"|"STREAM"|"Streamit Coin"||||"2020-05-12 09:02:04"
"2298"|"DTR"|"DTR"|"Dynamic Trading Rights"|"-"|||"2020-07-24 09:17:43"
"2661"|"TRIO"|"TRIO"|"Tripio"|"-"|||"2023-05-17 15:27:58"
"3376"|"DEC"|"DEC"|"Darico Ecosystem Coin"|"-"|||"2020-07-24 09:17:43"
"UFDA0000000494"|"MOODENG"|"Moodeng"|"Moodeng"|"-"|||"2024-10-10 16:25:01"
"2143"|"DATA"|"DATA"|"Streamr DATAcoin"|"Streamr DATAcoin"|||"2021-08-18 09:47:30"
"5034"|"KSM"|"KSM"|"Kusama"|"-"|||"2020-07-24 09:17:43"
"1312"|"SBD"|"SBD"|"Steem Dollars"||||"2020-05-12 09:02:04"
"2829"|"REPO"|"REPO"|"REPO"|"-"|||"2020-07-24 09:17:43"
"3762"|"1SG"|"1SG"|"1SG"|"-"|||"2020-07-24 09:17:43"
"3756"|"MHC"|"MHC"|"#MetaHash"|"-"|||"2020-07-24 09:17:43"
"ERN"|"ERN"|"ERN"|"NAKFA"|"นาคฟา"|||"2020-05-12 09:02:04"
"3441"|"DIVI"|"DIVI"|"Divi"|"-"|||"2020-07-24 09:17:43"
"4847"|"STX"|"STX"|"Blockstack"|"-"|||"2020-07-24 09:17:43"
"5601"|"STAKE"|"STAKE"|"xDai"|"-"|||"2020-07-24 09:17:43"
"3116"|"INB"|"INB"|"Insight Chain"|"-"|||"2020-07-24 09:17:43"
"2694"|"NEXO"|"NEXO"|"Nexo"|"-"|||"2020-07-24 09:17:43"
"4220"|"XAC"|"XAC"|"General Attention Currency"|"-"|||"2020-07-24 09:17:43"
"QAR"|"QAR"|"QAR"|"QATARI RIAL"|"เรียล กาตาร์"|||"2020-05-12 09:02:04"
"3875"|"VALOR"|"VALOR"|"Valor Token"|"-"|||"2020-07-24 09:17:43"
"UFDA0000000330"|"SEI"|"SEI"|"SEI"|"-"|||"2023-08-21 15:51:48"
"3714"|"LTO"|"LTO"|"LTO Network"|"-"|||"2020-07-24 09:17:43"
"UFDA0000000373"|"XVS"|"XVS"|"Venus"|"-"|||"2024-04-29 10:20:00"
"XXX"|"XXX"|"XXX"|"TRANSACTIONS WITHOUT CURRENCY"|"ธุรกรรมที่ไม่มีเงินสกุลใดเกี่ยวข้อง"|||"2020-05-12 09:02:04"
"1918"|"ACT"|"ACT"|"Achain"|"-"|||"2020-07-24 09:17:43"
"5161"|"WRX"|"WRX"|"WazirX"|"-"|||"2020-07-24 09:17:43"
"UFDA0000000118"|"APE"||"ApeCoin"|"-"|||"2022-03-18 11:40:41"
"2830"|"SEELE"|"SEELE"|"Seele-N"|"-"|||"2020-07-24 09:17:43"
"XEU"|"XEU"|"XEU"|"EUROPEAN CURRENCY UNIT (E.C.U.)"|"อี ซี ยู"|||"2020-05-12 09:02:04"
"UFDA0000000356"|"PEPE"|"PEPE"|"PEPE"|"พีอีพีอี"|||"2024-03-28 16:20:05"
"4841"|"SUTER"|"SUTER"|"suterusu"|"-"|||"2020-07-24 09:17:43"
"2161"|"RDN"|"RDN"|"Raiden Network Token"|"-"|||"2020-07-24 09:17:43"
"XBC"|"XBC"|"XBC"|"EUROPEAN UNIT OF ACCOUNT-9 (EUA-9)"|"บัญชี อียู 9"|||"2020-05-12 09:02:04"
"3063"|"VITAE"|"VITAE"|"Vitae"|"-"|||"2020-07-24 09:17:43"
"2585"|"CENNZ"|"CENNZ"|"Centrality"|"-"|||"2020-07-24 09:17:43"
"UFDA0000000446"|"LINEA"|"LINEA"|"Linea"|"-"|||"2024-08-06 16:23:21"
"2287"|"LOC"|"LOC"|"LockTrip"||||"2020-05-12 09:02:04"
"3910"|"PEOS"|"PEOS"|"pEOS"||||"2020-05-12 09:02:04"
"4110"|"NPC"|"NPC"|"NPCoin"||||"2020-05-12 09:02:04"
"3866"|"CON"|"CON"|"CONUN"|"-"|||"2020-07-24 09:17:43"
"UFDA0000000034"|"VELO"|"VELO"|"Velo"|"วีอีแอลโอ"|||"2021-08-18 15:45:54"
"JPY"|"JPY"|"JPY"|"YEN"|"เยน"|||"2020-05-12 09:02:04"
"5"|"PPC"|"PPC"|"Peercoin"||||"2020-05-12 09:02:04"
"FJD"|"FJD"|"FJD"|"FIJI DOLLAR"|"ดอลลาร์ ฟิจิ"|||"2020-05-12 09:02:04"
"UFDA0000000389"|"BIGTIME"|"BIGTIME"|"BIGTIME-Big Time"|"-"|||"2024-05-09 12:15:31"
"3458"|"ZT"|"ZT"|"ZBG Token"|"-"|||"2020-07-24 09:17:43"
"UFDA0000000451"|"L3"|"L3"|"Layer3"|"-"|||"2024-08-16 10:45:56"
"1681"|"PZM"|"PZM"|"PRIZM"|"-"|||"2020-07-24 09:17:43"
"2021"|"RHOC"|"RHOC"|"RChain"|"RChain"|||"2021-08-17 17:26:50"
"5453"|"KAI"|"KAI"|"KardiaChain"|"-"|||"2020-07-24 09:17:43"
"2556"|"CS"|"CS"|"Credits"||||"2020-05-12 09:02:04"
"UFDA0000000430"|"ATA"|"ATA"|"Automata Network"|"-"|||"2024-08-06 14:48:46"
"1839"|"BNB"|"BNB"|"Binance Coin"|"-"|||"2020-07-24 09:17:43"
"3847"|"CPT"|"CPT"|"Contents Protocol"||||"2020-05-12 09:02:04"
"3773"|"FET"|"FET"|"Fetch.ai"|"-"|||"2020-07-24 09:17:43"
"5070"|"XTP"|"XTP"|"Tap"|"-"|||"2020-07-24 09:17:43"
"3966"|"BHD"|"BHD"|"BitcoinHD"|"-"|||"2020-07-24 09:17:43"
"UFDA0000000043"|"FORTH"|"FORTH"|"Ampleforth Governance Token"|"เอฟโออาร์ทีเอช"|||"2021-08-18 14:52:50"
